/*
 Navicat Premium Data Transfer

 Source Server         : @192.168.200.128
 Source Server Type    : MySQL
 Source Server Version : 50729
 Source Host           : 192.168.200.128:3306
 Source Schema         : gmall_product

 Target Server Type    : MySQL
 Target Server Version : 50729
 File Encoding         : 65001

 Date: 04/02/2022 20:44:24
*/

SET NAMES utf8mb4;
SET FOREIGN_KEY_CHECKS = 0;

-- ----------------------------
-- Table structure for base_attr_info
-- ----------------------------
DROP TABLE IF EXISTS `base_attr_info`;
CREATE TABLE `base_attr_info`  (
  `id` bigint(20) NOT NULL AUTO_INCREMENT COMMENT '编号',
  `attr_name` varchar(100) CHARACTER SET utf8 COLLATE utf8_general_ci NOT NULL COMMENT '属性名称',
  `category_id` bigint(20) NULL DEFAULT NULL COMMENT '分类id',
  `category_level` int(11) NULL DEFAULT NULL COMMENT '分类层级',
  PRIMARY KEY (`id`) USING BTREE
) ENGINE = InnoDB AUTO_INCREMENT = 19 CHARACTER SET = utf8 COLLATE = utf8_general_ci COMMENT = '属性表' ROW_FORMAT = Dynamic;

-- ----------------------------
-- Records of base_attr_info
-- ----------------------------
INSERT INTO `base_attr_info` VALUES (1, '价格', 61, 3);
INSERT INTO `base_attr_info` VALUES (2, '屏幕尺寸', 61, 3);
INSERT INTO `base_attr_info` VALUES (3, '运行内存', 61, 3);
INSERT INTO `base_attr_info` VALUES (4, '机身存储', 61, 3);
INSERT INTO `base_attr_info` VALUES (5, 'CPU型号', 61, 3);
INSERT INTO `base_attr_info` VALUES (6, '品牌', 86, 3);
INSERT INTO `base_attr_info` VALUES (7, '品牌', 86, 3);
INSERT INTO `base_attr_info` VALUES (8, '品牌1', 86, 3);
INSERT INTO `base_attr_info` VALUES (9, '品牌1', 86, 3);
INSERT INTO `base_attr_info` VALUES (10, '品牌', 178, 3);
INSERT INTO `base_attr_info` VALUES (11, '123', 285, 3);
INSERT INTO `base_attr_info` VALUES (12, '价格', 62, 3);
INSERT INTO `base_attr_info` VALUES (13, '颜色', 62, 3);
INSERT INTO `base_attr_info` VALUES (14, '价格upd', 86, 3);
INSERT INTO `base_attr_info` VALUES (16, '价格', 63, 3);
INSERT INTO `base_attr_info` VALUES (17, 'test', 12, 3);
INSERT INTO `base_attr_info` VALUES (18, '哈哈', 62, 3);

-- ----------------------------
-- Table structure for base_attr_value
-- ----------------------------
DROP TABLE IF EXISTS `base_attr_value`;
CREATE TABLE `base_attr_value`  (
  `id` bigint(20) NOT NULL AUTO_INCREMENT COMMENT '编号',
  `value_name` varchar(100) CHARACTER SET utf8 COLLATE utf8_general_ci NOT NULL COMMENT '属性值名称',
  `attr_id` bigint(20) NULL DEFAULT NULL COMMENT '属性id',
  PRIMARY KEY (`id`) USING BTREE
) ENGINE = InnoDB AUTO_INCREMENT = 78 CHARACTER SET = utf8 COLLATE = utf8_general_ci COMMENT = '属性值表' ROW_FORMAT = Dynamic;

-- ----------------------------
-- Records of base_attr_value
-- ----------------------------
INSERT INTO `base_attr_value` VALUES (1, '0-499', 1);
INSERT INTO `base_attr_value` VALUES (2, '500-999', 1);
INSERT INTO `base_attr_value` VALUES (3, '1000-1699', 1);
INSERT INTO `base_attr_value` VALUES (4, '1700-2799', 1);
INSERT INTO `base_attr_value` VALUES (5, '2800-4499', 1);
INSERT INTO `base_attr_value` VALUES (6, '4500-11999', 1);
INSERT INTO `base_attr_value` VALUES (7, '12000以上', 1);
INSERT INTO `base_attr_value` VALUES (8, ' 6.95英寸及以上', 2);
INSERT INTO `base_attr_value` VALUES (9, '6.85-6.94英寸', 2);
INSERT INTO `base_attr_value` VALUES (10, '6.75-6.84英寸', 2);
INSERT INTO `base_attr_value` VALUES (11, '6.65-6.74英寸', 2);
INSERT INTO `base_attr_value` VALUES (12, '6.55-6.64英寸', 2);
INSERT INTO `base_attr_value` VALUES (13, '6.45-6.54英寸', 2);
INSERT INTO `base_attr_value` VALUES (14, '6.35-6.44英寸', 2);
INSERT INTO `base_attr_value` VALUES (15, '6.25-6.34英寸', 2);
INSERT INTO `base_attr_value` VALUES (16, '6.0～6.24英寸', 2);
INSERT INTO `base_attr_value` VALUES (17, '12GB', 3);
INSERT INTO `base_attr_value` VALUES (18, '10GB', 3);
INSERT INTO `base_attr_value` VALUES (19, '8GB', 3);
INSERT INTO `base_attr_value` VALUES (20, '6GB', 3);
INSERT INTO `base_attr_value` VALUES (21, '4GB', 3);
INSERT INTO `base_attr_value` VALUES (22, '3GB', 3);
INSERT INTO `base_attr_value` VALUES (23, '2GB', 3);
INSERT INTO `base_attr_value` VALUES (24, '2GB以下', 3);
INSERT INTO `base_attr_value` VALUES (25, '512GB', 4);
INSERT INTO `base_attr_value` VALUES (26, '256GB', 4);
INSERT INTO `base_attr_value` VALUES (27, '128GB', 4);
INSERT INTO `base_attr_value` VALUES (28, '64GB', 4);
INSERT INTO `base_attr_value` VALUES (29, '32GB', 4);
INSERT INTO `base_attr_value` VALUES (30, '16GB', 4);
INSERT INTO `base_attr_value` VALUES (31, '8GB', 4);
INSERT INTO `base_attr_value` VALUES (32, '8GB以下', 4);
INSERT INTO `base_attr_value` VALUES (33, '其它存储', 4);
INSERT INTO `base_attr_value` VALUES (34, '骁龙855', 5);
INSERT INTO `base_attr_value` VALUES (35, '骁龙845', 5);
INSERT INTO `base_attr_value` VALUES (36, '骁龙835', 5);
INSERT INTO `base_attr_value` VALUES (37, '骁龙730G', 5);
INSERT INTO `base_attr_value` VALUES (38, '骁龙730', 5);
INSERT INTO `base_attr_value` VALUES (39, '骁龙712', 5);
INSERT INTO `base_attr_value` VALUES (40, '骁龙710', 5);
INSERT INTO `base_attr_value` VALUES (41, '骁龙675', 5);
INSERT INTO `base_attr_value` VALUES (42, '骁龙660', 5);
INSERT INTO `base_attr_value` VALUES (43, '骁龙665', 5);
INSERT INTO `base_attr_value` VALUES (44, '麒麟990', 5);
INSERT INTO `base_attr_value` VALUES (45, '麒麟980', 5);
INSERT INTO `base_attr_value` VALUES (46, '其它', 5);
INSERT INTO `base_attr_value` VALUES (50, '434', 9);
INSERT INTO `base_attr_value` VALUES (51, '12313', 9);
INSERT INTO `base_attr_value` VALUES (54, '国内', 10);
INSERT INTO `base_attr_value` VALUES (55, 'test123', 11);
INSERT INTO `base_attr_value` VALUES (56, '0-1999', 12);
INSERT INTO `base_attr_value` VALUES (57, '2000-3999', 12);
INSERT INTO `base_attr_value` VALUES (63, 'black', 13);
INSERT INTO `base_attr_value` VALUES (65, '0-598', 14);
INSERT INTO `base_attr_value` VALUES (66, '599-1000', 14);
INSERT INTO `base_attr_value` VALUES (67, '1001-2999', 14);
INSERT INTO `base_attr_value` VALUES (70, '0-1999', 16);
INSERT INTO `base_attr_value` VALUES (71, '2000-3999', 16);
INSERT INTO `base_attr_value` VALUES (72, '4000-9999', 16);
INSERT INTO `base_attr_value` VALUES (74, 'test-t1', 17);
INSERT INTO `base_attr_value` VALUES (77, 't1', 18);

-- ----------------------------
-- Table structure for base_category1
-- ----------------------------
DROP TABLE IF EXISTS `base_category1`;
CREATE TABLE `base_category1`  (
  `id` bigint(20) NOT NULL AUTO_INCREMENT COMMENT '编号',
  `name` varchar(10) CHARACTER SET utf8 COLLATE utf8_general_ci NOT NULL COMMENT '分类名称',
  PRIMARY KEY (`id`) USING BTREE
) ENGINE = InnoDB AUTO_INCREMENT = 18 CHARACTER SET = utf8 COLLATE = utf8_general_ci COMMENT = '一级分类表' ROW_FORMAT = Dynamic;

-- ----------------------------
-- Records of base_category1
-- ----------------------------
INSERT INTO `base_category1` VALUES (1, '图书、音像、电子书刊');
INSERT INTO `base_category1` VALUES (2, '手机');
INSERT INTO `base_category1` VALUES (3, '家用电器');
INSERT INTO `base_category1` VALUES (4, '数码');
INSERT INTO `base_category1` VALUES (5, '家居家装');
INSERT INTO `base_category1` VALUES (6, '电脑办公');
INSERT INTO `base_category1` VALUES (7, '厨具');
INSERT INTO `base_category1` VALUES (8, '个护化妆');
INSERT INTO `base_category1` VALUES (9, '服饰内衣');
INSERT INTO `base_category1` VALUES (10, '钟表');
INSERT INTO `base_category1` VALUES (11, '鞋靴');
INSERT INTO `base_category1` VALUES (12, '母婴');
INSERT INTO `base_category1` VALUES (13, '礼品箱包');
INSERT INTO `base_category1` VALUES (14, '食品饮料、保健食品');
INSERT INTO `base_category1` VALUES (15, '珠宝');
INSERT INTO `base_category1` VALUES (16, '汽车用品');
INSERT INTO `base_category1` VALUES (17, '运动健康');

-- ----------------------------
-- Table structure for base_category2
-- ----------------------------
DROP TABLE IF EXISTS `base_category2`;
CREATE TABLE `base_category2`  (
  `id` bigint(20) NOT NULL AUTO_INCREMENT COMMENT '编号',
  `name` varchar(200) CHARACTER SET utf8 COLLATE utf8_general_ci NOT NULL COMMENT '二级分类名称',
  `category1_id` bigint(20) NULL DEFAULT NULL COMMENT '一级分类编号',
  PRIMARY KEY (`id`) USING BTREE
) ENGINE = InnoDB AUTO_INCREMENT = 114 CHARACTER SET = utf8 COLLATE = utf8_general_ci COMMENT = '二级分类表' ROW_FORMAT = Dynamic;

-- ----------------------------
-- Records of base_category2
-- ----------------------------
INSERT INTO `base_category2` VALUES (1, '电子书刊', 1);
INSERT INTO `base_category2` VALUES (2, '音像', 1);
INSERT INTO `base_category2` VALUES (3, '英文原版', 1);
INSERT INTO `base_category2` VALUES (4, '文艺', 1);
INSERT INTO `base_category2` VALUES (5, '少儿', 1);
INSERT INTO `base_category2` VALUES (6, '人文社科', 1);
INSERT INTO `base_category2` VALUES (7, '经管励志', 1);
INSERT INTO `base_category2` VALUES (8, '生活', 1);
INSERT INTO `base_category2` VALUES (9, '科技', 1);
INSERT INTO `base_category2` VALUES (10, '教育', 1);
INSERT INTO `base_category2` VALUES (11, '港台图书', 1);
INSERT INTO `base_category2` VALUES (12, '其他', 1);
INSERT INTO `base_category2` VALUES (13, '手机通讯', 2);
INSERT INTO `base_category2` VALUES (14, '运营商', 2);
INSERT INTO `base_category2` VALUES (15, '手机配件', 2);
INSERT INTO `base_category2` VALUES (16, '大 家 电', 3);
INSERT INTO `base_category2` VALUES (17, '厨卫大电', 3);
INSERT INTO `base_category2` VALUES (18, '厨房小电', 3);
INSERT INTO `base_category2` VALUES (19, '生活电器', 3);
INSERT INTO `base_category2` VALUES (20, '个护健康', 3);
INSERT INTO `base_category2` VALUES (21, '五金家装', 3);
INSERT INTO `base_category2` VALUES (22, '摄影摄像', 4);
INSERT INTO `base_category2` VALUES (23, '数码配件', 4);
INSERT INTO `base_category2` VALUES (24, '智能设备', 4);
INSERT INTO `base_category2` VALUES (25, '影音娱乐', 4);
INSERT INTO `base_category2` VALUES (26, '电子教育', 4);
INSERT INTO `base_category2` VALUES (27, '虚拟商品', 4);
INSERT INTO `base_category2` VALUES (28, '家纺', 5);
INSERT INTO `base_category2` VALUES (29, '灯具', 5);
INSERT INTO `base_category2` VALUES (30, '生活日用', 5);
INSERT INTO `base_category2` VALUES (31, '家装软饰', 5);
INSERT INTO `base_category2` VALUES (32, '宠物生活', 5);
INSERT INTO `base_category2` VALUES (33, '电脑整机', 6);
INSERT INTO `base_category2` VALUES (34, '电脑配件', 6);
INSERT INTO `base_category2` VALUES (35, '外设产品', 6);
INSERT INTO `base_category2` VALUES (36, '游戏设备', 6);
INSERT INTO `base_category2` VALUES (37, '网络产品', 6);
INSERT INTO `base_category2` VALUES (38, '办公设备', 6);
INSERT INTO `base_category2` VALUES (39, '文具/耗材', 6);
INSERT INTO `base_category2` VALUES (40, '服务产品', 6);
INSERT INTO `base_category2` VALUES (41, '烹饪锅具', 7);
INSERT INTO `base_category2` VALUES (42, '刀剪菜板', 7);
INSERT INTO `base_category2` VALUES (43, '厨房配件', 7);
INSERT INTO `base_category2` VALUES (44, '水具酒具', 7);
INSERT INTO `base_category2` VALUES (45, '餐具', 7);
INSERT INTO `base_category2` VALUES (46, '酒店用品', 7);
INSERT INTO `base_category2` VALUES (47, '茶具/咖啡具', 7);
INSERT INTO `base_category2` VALUES (48, '清洁用品', 8);
INSERT INTO `base_category2` VALUES (49, '面部护肤', 8);
INSERT INTO `base_category2` VALUES (50, '身体护理', 8);
INSERT INTO `base_category2` VALUES (51, '口腔护理', 8);
INSERT INTO `base_category2` VALUES (52, '女性护理', 8);
INSERT INTO `base_category2` VALUES (53, '洗发护发', 8);
INSERT INTO `base_category2` VALUES (54, '香水彩妆', 8);
INSERT INTO `base_category2` VALUES (55, '女装', 9);
INSERT INTO `base_category2` VALUES (56, '男装', 9);
INSERT INTO `base_category2` VALUES (57, '内衣', 9);
INSERT INTO `base_category2` VALUES (58, '洗衣服务', 9);
INSERT INTO `base_category2` VALUES (59, '服饰配件', 9);
INSERT INTO `base_category2` VALUES (60, '钟表', 10);
INSERT INTO `base_category2` VALUES (61, '流行男鞋', 11);
INSERT INTO `base_category2` VALUES (62, '时尚女鞋', 11);
INSERT INTO `base_category2` VALUES (63, '奶粉', 12);
INSERT INTO `base_category2` VALUES (64, '营养辅食', 12);
INSERT INTO `base_category2` VALUES (65, '尿裤湿巾', 12);
INSERT INTO `base_category2` VALUES (66, '喂养用品', 12);
INSERT INTO `base_category2` VALUES (67, '洗护用品', 12);
INSERT INTO `base_category2` VALUES (68, '童车童床', 12);
INSERT INTO `base_category2` VALUES (69, '寝居服饰', 12);
INSERT INTO `base_category2` VALUES (70, '妈妈专区', 12);
INSERT INTO `base_category2` VALUES (71, '童装童鞋', 12);
INSERT INTO `base_category2` VALUES (72, '安全座椅', 12);
INSERT INTO `base_category2` VALUES (73, '潮流女包', 13);
INSERT INTO `base_category2` VALUES (74, '精品男包', 13);
INSERT INTO `base_category2` VALUES (75, '功能箱包', 13);
INSERT INTO `base_category2` VALUES (76, '礼品', 13);
INSERT INTO `base_category2` VALUES (77, '奢侈品', 13);
INSERT INTO `base_category2` VALUES (78, '婚庆', 13);
INSERT INTO `base_category2` VALUES (79, '进口食品', 14);
INSERT INTO `base_category2` VALUES (80, '地方特产', 14);
INSERT INTO `base_category2` VALUES (81, '休闲食品', 14);
INSERT INTO `base_category2` VALUES (82, '粮油调味', 14);
INSERT INTO `base_category2` VALUES (83, '饮料冲调', 14);
INSERT INTO `base_category2` VALUES (84, '食品礼券', 14);
INSERT INTO `base_category2` VALUES (85, '茗茶', 14);
INSERT INTO `base_category2` VALUES (86, '时尚饰品', 15);
INSERT INTO `base_category2` VALUES (87, '黄金', 15);
INSERT INTO `base_category2` VALUES (88, 'K金饰品', 15);
INSERT INTO `base_category2` VALUES (89, '金银投资', 15);
INSERT INTO `base_category2` VALUES (90, '银饰', 15);
INSERT INTO `base_category2` VALUES (91, '钻石', 15);
INSERT INTO `base_category2` VALUES (92, '翡翠玉石', 15);
INSERT INTO `base_category2` VALUES (93, '水晶玛瑙', 15);
INSERT INTO `base_category2` VALUES (94, '彩宝', 15);
INSERT INTO `base_category2` VALUES (95, '铂金', 15);
INSERT INTO `base_category2` VALUES (96, '木手串/把件', 15);
INSERT INTO `base_category2` VALUES (97, '珍珠', 15);
INSERT INTO `base_category2` VALUES (98, '维修保养', 16);
INSERT INTO `base_category2` VALUES (99, '车载电器', 16);
INSERT INTO `base_category2` VALUES (100, '美容清洗', 16);
INSERT INTO `base_category2` VALUES (101, '汽车装饰', 16);
INSERT INTO `base_category2` VALUES (102, '安全自驾', 16);
INSERT INTO `base_category2` VALUES (103, '汽车服务', 16);
INSERT INTO `base_category2` VALUES (104, '赛事改装', 16);
INSERT INTO `base_category2` VALUES (105, '运动鞋包', 17);
INSERT INTO `base_category2` VALUES (106, '运动服饰', 17);
INSERT INTO `base_category2` VALUES (107, '骑行运动', 17);
INSERT INTO `base_category2` VALUES (108, '垂钓用品', 17);
INSERT INTO `base_category2` VALUES (109, '游泳用品', 17);
INSERT INTO `base_category2` VALUES (110, '户外鞋服', 17);
INSERT INTO `base_category2` VALUES (111, '户外装备', 17);
INSERT INTO `base_category2` VALUES (112, '健身训练', 17);
INSERT INTO `base_category2` VALUES (113, '体育用品', 17);

-- ----------------------------
-- Table structure for base_category3
-- ----------------------------
DROP TABLE IF EXISTS `base_category3`;
CREATE TABLE `base_category3`  (
  `id` bigint(20) NOT NULL AUTO_INCREMENT COMMENT '编号',
  `name` varchar(200) CHARACTER SET utf8 COLLATE utf8_general_ci NOT NULL COMMENT '三级分类名称',
  `category2_id` bigint(20) NULL DEFAULT NULL COMMENT '二级分类编号',
  PRIMARY KEY (`id`) USING BTREE
) ENGINE = InnoDB AUTO_INCREMENT = 1100 CHARACTER SET = utf8 COLLATE = utf8_general_ci COMMENT = '三级分类表' ROW_FORMAT = Dynamic;

-- ----------------------------
-- Records of base_category3
-- ----------------------------
INSERT INTO `base_category3` VALUES (1, '电子书', 1);
INSERT INTO `base_category3` VALUES (2, '网络原创', 1);
INSERT INTO `base_category3` VALUES (3, '数字杂志', 1);
INSERT INTO `base_category3` VALUES (4, '多媒体图书', 1);
INSERT INTO `base_category3` VALUES (5, '音乐', 2);
INSERT INTO `base_category3` VALUES (6, '影视', 2);
INSERT INTO `base_category3` VALUES (7, '教育音像', 2);
INSERT INTO `base_category3` VALUES (8, '少儿', 3);
INSERT INTO `base_category3` VALUES (9, '商务投资', 3);
INSERT INTO `base_category3` VALUES (10, '英语学习与考试', 3);
INSERT INTO `base_category3` VALUES (11, '文学', 3);
INSERT INTO `base_category3` VALUES (12, '传记', 3);
INSERT INTO `base_category3` VALUES (13, '励志', 3);
INSERT INTO `base_category3` VALUES (14, '小说', 4);
INSERT INTO `base_category3` VALUES (15, '文学', 4);
INSERT INTO `base_category3` VALUES (16, '青春文学', 4);
INSERT INTO `base_category3` VALUES (17, '传记', 4);
INSERT INTO `base_category3` VALUES (18, '艺术', 4);
INSERT INTO `base_category3` VALUES (19, '少儿', 5);
INSERT INTO `base_category3` VALUES (20, '0-2岁', 5);
INSERT INTO `base_category3` VALUES (21, '3-6岁', 5);
INSERT INTO `base_category3` VALUES (22, '7-10岁', 5);
INSERT INTO `base_category3` VALUES (23, '11-14岁', 5);
INSERT INTO `base_category3` VALUES (24, '历史', 6);
INSERT INTO `base_category3` VALUES (25, '哲学', 6);
INSERT INTO `base_category3` VALUES (26, '国学', 6);
INSERT INTO `base_category3` VALUES (27, '政治/军事', 6);
INSERT INTO `base_category3` VALUES (28, '法律', 6);
INSERT INTO `base_category3` VALUES (29, '人文社科', 6);
INSERT INTO `base_category3` VALUES (30, '心理学', 6);
INSERT INTO `base_category3` VALUES (31, '文化', 6);
INSERT INTO `base_category3` VALUES (32, '社会科学', 6);
INSERT INTO `base_category3` VALUES (33, '经济', 7);
INSERT INTO `base_category3` VALUES (34, '金融与投资', 7);
INSERT INTO `base_category3` VALUES (35, '管理', 7);
INSERT INTO `base_category3` VALUES (36, '励志与成功', 7);
INSERT INTO `base_category3` VALUES (37, '生活', 8);
INSERT INTO `base_category3` VALUES (38, '健身与保健', 8);
INSERT INTO `base_category3` VALUES (39, '家庭与育儿', 8);
INSERT INTO `base_category3` VALUES (40, '旅游', 8);
INSERT INTO `base_category3` VALUES (41, '烹饪美食', 8);
INSERT INTO `base_category3` VALUES (42, '工业技术', 9);
INSERT INTO `base_category3` VALUES (43, '科普读物', 9);
INSERT INTO `base_category3` VALUES (44, '建筑', 9);
INSERT INTO `base_category3` VALUES (45, '医学', 9);
INSERT INTO `base_category3` VALUES (46, '科学与自然', 9);
INSERT INTO `base_category3` VALUES (47, '计算机与互联网', 9);
INSERT INTO `base_category3` VALUES (48, '电子通信', 9);
INSERT INTO `base_category3` VALUES (49, '中小学教辅', 10);
INSERT INTO `base_category3` VALUES (50, '教育与考试', 10);
INSERT INTO `base_category3` VALUES (51, '外语学习', 10);
INSERT INTO `base_category3` VALUES (52, '大中专教材', 10);
INSERT INTO `base_category3` VALUES (53, '字典词典', 10);
INSERT INTO `base_category3` VALUES (54, '艺术/设计/收藏', 11);
INSERT INTO `base_category3` VALUES (55, '经济管理', 11);
INSERT INTO `base_category3` VALUES (56, '文化/学术', 11);
INSERT INTO `base_category3` VALUES (57, '少儿', 11);
INSERT INTO `base_category3` VALUES (58, '工具书', 12);
INSERT INTO `base_category3` VALUES (59, '杂志/期刊', 12);
INSERT INTO `base_category3` VALUES (60, '套装书', 12);
INSERT INTO `base_category3` VALUES (61, '手机', 13);
INSERT INTO `base_category3` VALUES (62, '对讲机', 13);
INSERT INTO `base_category3` VALUES (63, '合约机', 14);
INSERT INTO `base_category3` VALUES (64, '选号中心', 14);
INSERT INTO `base_category3` VALUES (65, '装宽带', 14);
INSERT INTO `base_category3` VALUES (66, '办套餐', 14);
INSERT INTO `base_category3` VALUES (67, '移动电源', 15);
INSERT INTO `base_category3` VALUES (68, '电池/移动电源', 15);
INSERT INTO `base_category3` VALUES (69, '蓝牙耳机', 15);
INSERT INTO `base_category3` VALUES (70, '充电器/数据线', 15);
INSERT INTO `base_category3` VALUES (71, '苹果周边', 15);
INSERT INTO `base_category3` VALUES (72, '手机耳机', 15);
INSERT INTO `base_category3` VALUES (73, '手机贴膜', 15);
INSERT INTO `base_category3` VALUES (74, '手机存储卡', 15);
INSERT INTO `base_category3` VALUES (75, '充电器', 15);
INSERT INTO `base_category3` VALUES (76, '数据线', 15);
INSERT INTO `base_category3` VALUES (77, '手机保护套', 15);
INSERT INTO `base_category3` VALUES (78, '车载配件', 15);
INSERT INTO `base_category3` VALUES (79, 'iPhone 配件', 15);
INSERT INTO `base_category3` VALUES (80, '手机电池', 15);
INSERT INTO `base_category3` VALUES (81, '创意配件', 15);
INSERT INTO `base_category3` VALUES (82, '便携/无线音响', 15);
INSERT INTO `base_category3` VALUES (83, '手机饰品', 15);
INSERT INTO `base_category3` VALUES (84, '拍照配件', 15);
INSERT INTO `base_category3` VALUES (85, '手机支架', 15);
INSERT INTO `base_category3` VALUES (86, '平板电视', 16);
INSERT INTO `base_category3` VALUES (87, '空调', 16);
INSERT INTO `base_category3` VALUES (88, '冰箱', 16);
INSERT INTO `base_category3` VALUES (89, '洗衣机', 16);
INSERT INTO `base_category3` VALUES (90, '家庭影院', 16);
INSERT INTO `base_category3` VALUES (91, 'DVD/电视盒子', 16);
INSERT INTO `base_category3` VALUES (92, '迷你音响', 16);
INSERT INTO `base_category3` VALUES (93, '冷柜/冰吧', 16);
INSERT INTO `base_category3` VALUES (94, '家电配件', 16);
INSERT INTO `base_category3` VALUES (95, '功放', 16);
INSERT INTO `base_category3` VALUES (96, '回音壁/Soundbar', 16);
INSERT INTO `base_category3` VALUES (97, 'Hi-Fi专区', 16);
INSERT INTO `base_category3` VALUES (98, '电视盒子', 16);
INSERT INTO `base_category3` VALUES (99, '酒柜', 16);
INSERT INTO `base_category3` VALUES (100, '燃气灶', 17);
INSERT INTO `base_category3` VALUES (101, '油烟机', 17);
INSERT INTO `base_category3` VALUES (102, '热水器', 17);
INSERT INTO `base_category3` VALUES (103, '消毒柜', 17);
INSERT INTO `base_category3` VALUES (104, '洗碗机', 17);
INSERT INTO `base_category3` VALUES (105, '料理机', 18);
INSERT INTO `base_category3` VALUES (106, '榨汁机', 18);
INSERT INTO `base_category3` VALUES (107, '电饭煲', 18);
INSERT INTO `base_category3` VALUES (108, '电压力锅', 18);
INSERT INTO `base_category3` VALUES (109, '豆浆机', 18);
INSERT INTO `base_category3` VALUES (110, '咖啡机', 18);
INSERT INTO `base_category3` VALUES (111, '微波炉', 18);
INSERT INTO `base_category3` VALUES (112, '电烤箱', 18);
INSERT INTO `base_category3` VALUES (113, '电磁炉', 18);
INSERT INTO `base_category3` VALUES (114, '面包机', 18);
INSERT INTO `base_category3` VALUES (115, '煮蛋器', 18);
INSERT INTO `base_category3` VALUES (116, '酸奶机', 18);
INSERT INTO `base_category3` VALUES (117, '电炖锅', 18);
INSERT INTO `base_category3` VALUES (118, '电水壶/热水瓶', 18);
INSERT INTO `base_category3` VALUES (119, '电饼铛', 18);
INSERT INTO `base_category3` VALUES (120, '多用途锅', 18);
INSERT INTO `base_category3` VALUES (121, '电烧烤炉', 18);
INSERT INTO `base_category3` VALUES (122, '果蔬解毒机', 18);
INSERT INTO `base_category3` VALUES (123, '其它厨房电器', 18);
INSERT INTO `base_category3` VALUES (124, '养生壶/煎药壶', 18);
INSERT INTO `base_category3` VALUES (125, '电热饭盒', 18);
INSERT INTO `base_category3` VALUES (126, '取暖电器', 19);
INSERT INTO `base_category3` VALUES (127, '净化器', 19);
INSERT INTO `base_category3` VALUES (128, '加湿器', 19);
INSERT INTO `base_category3` VALUES (129, '扫地机器人', 19);
INSERT INTO `base_category3` VALUES (130, '吸尘器', 19);
INSERT INTO `base_category3` VALUES (131, '挂烫机/熨斗', 19);
INSERT INTO `base_category3` VALUES (132, '插座', 19);
INSERT INTO `base_category3` VALUES (133, '电话机', 19);
INSERT INTO `base_category3` VALUES (134, '清洁机', 19);
INSERT INTO `base_category3` VALUES (135, '除湿机', 19);
INSERT INTO `base_category3` VALUES (136, '干衣机', 19);
INSERT INTO `base_category3` VALUES (137, '收录/音机', 19);
INSERT INTO `base_category3` VALUES (138, '电风扇', 19);
INSERT INTO `base_category3` VALUES (139, '冷风扇', 19);
INSERT INTO `base_category3` VALUES (140, '其它生活电器', 19);
INSERT INTO `base_category3` VALUES (141, '生活电器配件', 19);
INSERT INTO `base_category3` VALUES (142, '净水器', 19);
INSERT INTO `base_category3` VALUES (143, '饮水机', 19);
INSERT INTO `base_category3` VALUES (144, '剃须刀', 20);
INSERT INTO `base_category3` VALUES (145, '剃/脱毛器', 20);
INSERT INTO `base_category3` VALUES (146, '口腔护理', 20);
INSERT INTO `base_category3` VALUES (147, '电吹风', 20);
INSERT INTO `base_category3` VALUES (148, '美容器', 20);
INSERT INTO `base_category3` VALUES (149, '理发器', 20);
INSERT INTO `base_category3` VALUES (150, '卷/直发器', 20);
INSERT INTO `base_category3` VALUES (151, '按摩椅', 20);
INSERT INTO `base_category3` VALUES (152, '按摩器', 20);
INSERT INTO `base_category3` VALUES (153, '足浴盆', 20);
INSERT INTO `base_category3` VALUES (154, '血压计', 20);
INSERT INTO `base_category3` VALUES (155, '电子秤/厨房秤', 20);
INSERT INTO `base_category3` VALUES (156, '血糖仪', 20);
INSERT INTO `base_category3` VALUES (157, '体温计', 20);
INSERT INTO `base_category3` VALUES (158, '其它健康电器', 20);
INSERT INTO `base_category3` VALUES (159, '计步器/脂肪检测仪', 20);
INSERT INTO `base_category3` VALUES (160, '电动工具', 21);
INSERT INTO `base_category3` VALUES (161, '手动工具', 21);
INSERT INTO `base_category3` VALUES (162, '仪器仪表', 21);
INSERT INTO `base_category3` VALUES (163, '浴霸/排气扇', 21);
INSERT INTO `base_category3` VALUES (164, '灯具', 21);
INSERT INTO `base_category3` VALUES (165, 'LED灯', 21);
INSERT INTO `base_category3` VALUES (166, '洁身器', 21);
INSERT INTO `base_category3` VALUES (167, '水槽', 21);
INSERT INTO `base_category3` VALUES (168, '龙头', 21);
INSERT INTO `base_category3` VALUES (169, '淋浴花洒', 21);
INSERT INTO `base_category3` VALUES (170, '厨卫五金', 21);
INSERT INTO `base_category3` VALUES (171, '家具五金', 21);
INSERT INTO `base_category3` VALUES (172, '门铃', 21);
INSERT INTO `base_category3` VALUES (173, '电气开关', 21);
INSERT INTO `base_category3` VALUES (174, '插座', 21);
INSERT INTO `base_category3` VALUES (175, '电工电料', 21);
INSERT INTO `base_category3` VALUES (176, '监控安防', 21);
INSERT INTO `base_category3` VALUES (177, '电线/线缆', 21);
INSERT INTO `base_category3` VALUES (178, '数码相机', 22);
INSERT INTO `base_category3` VALUES (179, '单电/微单相机', 22);
INSERT INTO `base_category3` VALUES (180, '单反相机', 22);
INSERT INTO `base_category3` VALUES (181, '摄像机', 22);
INSERT INTO `base_category3` VALUES (182, '拍立得', 22);
INSERT INTO `base_category3` VALUES (183, '运动相机', 22);
INSERT INTO `base_category3` VALUES (184, '镜头', 22);
INSERT INTO `base_category3` VALUES (185, '户外器材', 22);
INSERT INTO `base_category3` VALUES (186, '影棚器材', 22);
INSERT INTO `base_category3` VALUES (187, '冲印服务', 22);
INSERT INTO `base_category3` VALUES (188, '数码相框', 22);
INSERT INTO `base_category3` VALUES (189, '存储卡', 23);
INSERT INTO `base_category3` VALUES (190, '读卡器', 23);
INSERT INTO `base_category3` VALUES (191, '滤镜', 23);
INSERT INTO `base_category3` VALUES (192, '闪光灯/手柄', 23);
INSERT INTO `base_category3` VALUES (193, '相机包', 23);
INSERT INTO `base_category3` VALUES (194, '三脚架/云台', 23);
INSERT INTO `base_category3` VALUES (195, '相机清洁/贴膜', 23);
INSERT INTO `base_category3` VALUES (196, '机身附件', 23);
INSERT INTO `base_category3` VALUES (197, '镜头附件', 23);
INSERT INTO `base_category3` VALUES (198, '电池/充电器', 23);
INSERT INTO `base_category3` VALUES (199, '移动电源', 23);
INSERT INTO `base_category3` VALUES (200, '数码支架', 23);
INSERT INTO `base_category3` VALUES (201, '智能手环', 24);
INSERT INTO `base_category3` VALUES (202, '智能手表', 24);
INSERT INTO `base_category3` VALUES (203, '智能眼镜', 24);
INSERT INTO `base_category3` VALUES (204, '运动跟踪器', 24);
INSERT INTO `base_category3` VALUES (205, '健康监测', 24);
INSERT INTO `base_category3` VALUES (206, '智能配饰', 24);
INSERT INTO `base_category3` VALUES (207, '智能家居', 24);
INSERT INTO `base_category3` VALUES (208, '体感车', 24);
INSERT INTO `base_category3` VALUES (209, '其他配件', 24);
INSERT INTO `base_category3` VALUES (210, '智能机器人', 24);
INSERT INTO `base_category3` VALUES (211, '无人机', 24);
INSERT INTO `base_category3` VALUES (212, 'MP3/MP4', 25);
INSERT INTO `base_category3` VALUES (213, '智能设备', 25);
INSERT INTO `base_category3` VALUES (214, '耳机/耳麦', 25);
INSERT INTO `base_category3` VALUES (215, '便携/无线音箱', 25);
INSERT INTO `base_category3` VALUES (216, '音箱/音响', 25);
INSERT INTO `base_category3` VALUES (217, '高清播放器', 25);
INSERT INTO `base_category3` VALUES (218, '收音机', 25);
INSERT INTO `base_category3` VALUES (219, 'MP3/MP4配件', 25);
INSERT INTO `base_category3` VALUES (220, '麦克风', 25);
INSERT INTO `base_category3` VALUES (221, '专业音频', 25);
INSERT INTO `base_category3` VALUES (222, '苹果配件', 25);
INSERT INTO `base_category3` VALUES (223, '学生平板', 26);
INSERT INTO `base_category3` VALUES (224, '点读机/笔', 26);
INSERT INTO `base_category3` VALUES (225, '早教益智', 26);
INSERT INTO `base_category3` VALUES (226, '录音笔', 26);
INSERT INTO `base_category3` VALUES (227, '电纸书', 26);
INSERT INTO `base_category3` VALUES (228, '电子词典', 26);
INSERT INTO `base_category3` VALUES (229, '复读机', 26);
INSERT INTO `base_category3` VALUES (230, '延保服务', 27);
INSERT INTO `base_category3` VALUES (231, '杀毒软件', 27);
INSERT INTO `base_category3` VALUES (232, '积分商品', 27);
INSERT INTO `base_category3` VALUES (233, '桌布/罩件', 28);
INSERT INTO `base_category3` VALUES (234, '地毯地垫', 28);
INSERT INTO `base_category3` VALUES (235, '沙发垫套/椅垫', 28);
INSERT INTO `base_category3` VALUES (236, '床品套件', 28);
INSERT INTO `base_category3` VALUES (237, '被子', 28);
INSERT INTO `base_category3` VALUES (238, '枕芯', 28);
INSERT INTO `base_category3` VALUES (239, '床单被罩', 28);
INSERT INTO `base_category3` VALUES (240, '毯子', 28);
INSERT INTO `base_category3` VALUES (241, '床垫/床褥', 28);
INSERT INTO `base_category3` VALUES (242, '蚊帐', 28);
INSERT INTO `base_category3` VALUES (243, '抱枕靠垫', 28);
INSERT INTO `base_category3` VALUES (244, '毛巾浴巾', 28);
INSERT INTO `base_category3` VALUES (245, '电热毯', 28);
INSERT INTO `base_category3` VALUES (246, '窗帘/窗纱', 28);
INSERT INTO `base_category3` VALUES (247, '布艺软饰', 28);
INSERT INTO `base_category3` VALUES (248, '凉席', 28);
INSERT INTO `base_category3` VALUES (249, '台灯', 29);
INSERT INTO `base_category3` VALUES (250, '节能灯', 29);
INSERT INTO `base_category3` VALUES (251, '装饰灯', 29);
INSERT INTO `base_category3` VALUES (252, '落地灯', 29);
INSERT INTO `base_category3` VALUES (253, '应急灯/手电', 29);
INSERT INTO `base_category3` VALUES (254, 'LED灯', 29);
INSERT INTO `base_category3` VALUES (255, '吸顶灯', 29);
INSERT INTO `base_category3` VALUES (256, '五金电器', 29);
INSERT INTO `base_category3` VALUES (257, '筒灯射灯', 29);
INSERT INTO `base_category3` VALUES (258, '吊灯', 29);
INSERT INTO `base_category3` VALUES (259, '氛围照明', 29);
INSERT INTO `base_category3` VALUES (260, '保暖防护', 30);
INSERT INTO `base_category3` VALUES (261, '收纳用品', 30);
INSERT INTO `base_category3` VALUES (262, '雨伞雨具', 30);
INSERT INTO `base_category3` VALUES (263, '浴室用品', 30);
INSERT INTO `base_category3` VALUES (264, '缝纫/针织用品', 30);
INSERT INTO `base_category3` VALUES (265, '洗晒/熨烫', 30);
INSERT INTO `base_category3` VALUES (266, '净化除味', 30);
INSERT INTO `base_category3` VALUES (267, '相框/照片墙', 31);
INSERT INTO `base_category3` VALUES (268, '装饰字画', 31);
INSERT INTO `base_category3` VALUES (269, '节庆饰品', 31);
INSERT INTO `base_category3` VALUES (270, '手工/十字绣', 31);
INSERT INTO `base_category3` VALUES (271, '装饰摆件', 31);
INSERT INTO `base_category3` VALUES (272, '帘艺隔断', 31);
INSERT INTO `base_category3` VALUES (273, '墙贴/装饰贴', 31);
INSERT INTO `base_category3` VALUES (274, '钟饰', 31);
INSERT INTO `base_category3` VALUES (275, '花瓶花艺', 31);
INSERT INTO `base_category3` VALUES (276, '香薰蜡烛', 31);
INSERT INTO `base_category3` VALUES (277, '创意家居', 31);
INSERT INTO `base_category3` VALUES (278, '宠物主粮', 32);
INSERT INTO `base_category3` VALUES (279, '宠物零食', 32);
INSERT INTO `base_category3` VALUES (280, '医疗保健', 32);
INSERT INTO `base_category3` VALUES (281, '家居日用', 32);
INSERT INTO `base_category3` VALUES (282, '宠物玩具', 32);
INSERT INTO `base_category3` VALUES (283, '出行装备', 32);
INSERT INTO `base_category3` VALUES (284, '洗护美容', 32);
INSERT INTO `base_category3` VALUES (285, '笔记本', 33);
INSERT INTO `base_category3` VALUES (286, '超极本', 33);
INSERT INTO `base_category3` VALUES (287, '游戏本', 33);
INSERT INTO `base_category3` VALUES (288, '平板电脑', 33);
INSERT INTO `base_category3` VALUES (289, '平板电脑配件', 33);
INSERT INTO `base_category3` VALUES (290, '台式机', 33);
INSERT INTO `base_category3` VALUES (291, '服务器/工作站', 33);
INSERT INTO `base_category3` VALUES (292, '笔记本配件', 33);
INSERT INTO `base_category3` VALUES (293, '一体机', 33);
INSERT INTO `base_category3` VALUES (294, 'CPU', 34);
INSERT INTO `base_category3` VALUES (295, '主板', 34);
INSERT INTO `base_category3` VALUES (296, '显卡', 34);
INSERT INTO `base_category3` VALUES (297, '硬盘', 34);
INSERT INTO `base_category3` VALUES (298, 'SSD固态硬盘', 34);
INSERT INTO `base_category3` VALUES (299, '内存', 34);
INSERT INTO `base_category3` VALUES (300, '机箱', 34);
INSERT INTO `base_category3` VALUES (301, '电源', 34);
INSERT INTO `base_category3` VALUES (302, '显示器', 34);
INSERT INTO `base_category3` VALUES (303, '刻录机/光驱', 34);
INSERT INTO `base_category3` VALUES (304, '散热器', 34);
INSERT INTO `base_category3` VALUES (305, '声卡/扩展卡', 34);
INSERT INTO `base_category3` VALUES (306, '装机配件', 34);
INSERT INTO `base_category3` VALUES (307, '组装电脑', 34);
INSERT INTO `base_category3` VALUES (308, '移动硬盘', 35);
INSERT INTO `base_category3` VALUES (309, 'U盘', 35);
INSERT INTO `base_category3` VALUES (310, '鼠标', 35);
INSERT INTO `base_category3` VALUES (311, '键盘', 35);
INSERT INTO `base_category3` VALUES (312, '鼠标垫', 35);
INSERT INTO `base_category3` VALUES (313, '摄像头', 35);
INSERT INTO `base_category3` VALUES (314, '手写板', 35);
INSERT INTO `base_category3` VALUES (315, '硬盘盒', 35);
INSERT INTO `base_category3` VALUES (316, '插座', 35);
INSERT INTO `base_category3` VALUES (317, '线缆', 35);
INSERT INTO `base_category3` VALUES (318, 'UPS电源', 35);
INSERT INTO `base_category3` VALUES (319, '电脑工具', 35);
INSERT INTO `base_category3` VALUES (320, '游戏设备', 35);
INSERT INTO `base_category3` VALUES (321, '电玩', 35);
INSERT INTO `base_category3` VALUES (322, '电脑清洁', 35);
INSERT INTO `base_category3` VALUES (323, '网络仪表仪器', 35);
INSERT INTO `base_category3` VALUES (324, '游戏机', 36);
INSERT INTO `base_category3` VALUES (325, '游戏耳机', 36);
INSERT INTO `base_category3` VALUES (326, '手柄/方向盘', 36);
INSERT INTO `base_category3` VALUES (327, '游戏软件', 36);
INSERT INTO `base_category3` VALUES (328, '游戏周边', 36);
INSERT INTO `base_category3` VALUES (329, '路由器', 37);
INSERT INTO `base_category3` VALUES (330, '网卡', 37);
INSERT INTO `base_category3` VALUES (331, '交换机', 37);
INSERT INTO `base_category3` VALUES (332, '网络存储', 37);
INSERT INTO `base_category3` VALUES (333, '4G/3G上网', 37);
INSERT INTO `base_category3` VALUES (334, '网络盒子', 37);
INSERT INTO `base_category3` VALUES (335, '网络配件', 37);
INSERT INTO `base_category3` VALUES (336, '投影机', 38);
INSERT INTO `base_category3` VALUES (337, '投影配件', 38);
INSERT INTO `base_category3` VALUES (338, '多功能一体机', 38);
INSERT INTO `base_category3` VALUES (339, '打印机', 38);
INSERT INTO `base_category3` VALUES (340, '传真设备', 38);
INSERT INTO `base_category3` VALUES (341, '验钞/点钞机', 38);
INSERT INTO `base_category3` VALUES (342, '扫描设备', 38);
INSERT INTO `base_category3` VALUES (343, '复合机', 38);
INSERT INTO `base_category3` VALUES (344, '碎纸机', 38);
INSERT INTO `base_category3` VALUES (345, '考勤机', 38);
INSERT INTO `base_category3` VALUES (346, '收款/POS机', 38);
INSERT INTO `base_category3` VALUES (347, '会议音频视频', 38);
INSERT INTO `base_category3` VALUES (348, '保险柜', 38);
INSERT INTO `base_category3` VALUES (349, '装订/封装机', 38);
INSERT INTO `base_category3` VALUES (350, '安防监控', 38);
INSERT INTO `base_category3` VALUES (351, '办公家具', 38);
INSERT INTO `base_category3` VALUES (352, '白板', 38);
INSERT INTO `base_category3` VALUES (353, '硒鼓/墨粉', 39);
INSERT INTO `base_category3` VALUES (354, '墨盒', 39);
INSERT INTO `base_category3` VALUES (355, '色带', 39);
INSERT INTO `base_category3` VALUES (356, '纸类', 39);
INSERT INTO `base_category3` VALUES (357, '办公文具', 39);
INSERT INTO `base_category3` VALUES (358, '学生文具', 39);
INSERT INTO `base_category3` VALUES (359, '财会用品', 39);
INSERT INTO `base_category3` VALUES (360, '文件管理', 39);
INSERT INTO `base_category3` VALUES (361, '本册/便签', 39);
INSERT INTO `base_category3` VALUES (362, '计算器', 39);
INSERT INTO `base_category3` VALUES (363, '笔类', 39);
INSERT INTO `base_category3` VALUES (364, '画具画材', 39);
INSERT INTO `base_category3` VALUES (365, '刻录碟片/附件', 39);
INSERT INTO `base_category3` VALUES (366, '上门安装', 40);
INSERT INTO `base_category3` VALUES (367, '延保服务', 40);
INSERT INTO `base_category3` VALUES (368, '维修保养', 40);
INSERT INTO `base_category3` VALUES (369, '电脑软件', 40);
INSERT INTO `base_category3` VALUES (370, '京东服务', 40);
INSERT INTO `base_category3` VALUES (371, '炒锅', 41);
INSERT INTO `base_category3` VALUES (372, '煎锅', 41);
INSERT INTO `base_category3` VALUES (373, '压力锅', 41);
INSERT INTO `base_category3` VALUES (374, '蒸锅', 41);
INSERT INTO `base_category3` VALUES (375, '汤锅', 41);
INSERT INTO `base_category3` VALUES (376, '奶锅', 41);
INSERT INTO `base_category3` VALUES (377, '锅具套装', 41);
INSERT INTO `base_category3` VALUES (378, '煲类', 41);
INSERT INTO `base_category3` VALUES (379, '水壶', 41);
INSERT INTO `base_category3` VALUES (380, '火锅', 41);
INSERT INTO `base_category3` VALUES (381, '菜刀', 42);
INSERT INTO `base_category3` VALUES (382, '剪刀', 42);
INSERT INTO `base_category3` VALUES (383, '刀具套装', 42);
INSERT INTO `base_category3` VALUES (384, '砧板', 42);
INSERT INTO `base_category3` VALUES (385, '瓜果刀/刨', 42);
INSERT INTO `base_category3` VALUES (386, '多功能刀', 42);
INSERT INTO `base_category3` VALUES (387, '保鲜盒', 43);
INSERT INTO `base_category3` VALUES (388, '烘焙/烧烤', 43);
INSERT INTO `base_category3` VALUES (389, '饭盒/提锅', 43);
INSERT INTO `base_category3` VALUES (390, '储物/置物架', 43);
INSERT INTO `base_category3` VALUES (391, '厨房DIY/小工具', 43);
INSERT INTO `base_category3` VALUES (392, '塑料杯', 44);
INSERT INTO `base_category3` VALUES (393, '运动水壶', 44);
INSERT INTO `base_category3` VALUES (394, '玻璃杯', 44);
INSERT INTO `base_category3` VALUES (395, '陶瓷/马克杯', 44);
INSERT INTO `base_category3` VALUES (396, '保温杯', 44);
INSERT INTO `base_category3` VALUES (397, '保温壶', 44);
INSERT INTO `base_category3` VALUES (398, '酒杯/酒具', 44);
INSERT INTO `base_category3` VALUES (399, '杯具套装', 44);
INSERT INTO `base_category3` VALUES (400, '餐具套装', 45);
INSERT INTO `base_category3` VALUES (401, '碗/碟/盘', 45);
INSERT INTO `base_category3` VALUES (402, '筷勺/刀叉', 45);
INSERT INTO `base_category3` VALUES (403, '一次性用品', 45);
INSERT INTO `base_category3` VALUES (404, '果盘/果篮', 45);
INSERT INTO `base_category3` VALUES (405, '自助餐炉', 46);
INSERT INTO `base_category3` VALUES (406, '酒店餐具', 46);
INSERT INTO `base_category3` VALUES (407, '酒店水具', 46);
INSERT INTO `base_category3` VALUES (408, '整套茶具', 47);
INSERT INTO `base_category3` VALUES (409, '茶杯', 47);
INSERT INTO `base_category3` VALUES (410, '茶壶', 47);
INSERT INTO `base_category3` VALUES (411, '茶盘茶托', 47);
INSERT INTO `base_category3` VALUES (412, '茶叶罐', 47);
INSERT INTO `base_category3` VALUES (413, '茶具配件', 47);
INSERT INTO `base_category3` VALUES (414, '茶宠摆件', 47);
INSERT INTO `base_category3` VALUES (415, '咖啡具', 47);
INSERT INTO `base_category3` VALUES (416, '其他', 47);
INSERT INTO `base_category3` VALUES (417, '纸品湿巾', 48);
INSERT INTO `base_category3` VALUES (418, '衣物清洁', 48);
INSERT INTO `base_category3` VALUES (419, '清洁工具', 48);
INSERT INTO `base_category3` VALUES (420, '驱虫用品', 48);
INSERT INTO `base_category3` VALUES (421, '家庭清洁', 48);
INSERT INTO `base_category3` VALUES (422, '皮具护理', 48);
INSERT INTO `base_category3` VALUES (423, '一次性用品', 48);
INSERT INTO `base_category3` VALUES (424, '洁面', 49);
INSERT INTO `base_category3` VALUES (425, '乳液面霜', 49);
INSERT INTO `base_category3` VALUES (426, '面膜', 49);
INSERT INTO `base_category3` VALUES (427, '剃须', 49);
INSERT INTO `base_category3` VALUES (428, '套装', 49);
INSERT INTO `base_category3` VALUES (429, '精华', 49);
INSERT INTO `base_category3` VALUES (430, '眼霜', 49);
INSERT INTO `base_category3` VALUES (431, '卸妆', 49);
INSERT INTO `base_category3` VALUES (432, '防晒', 49);
INSERT INTO `base_category3` VALUES (433, '防晒隔离', 49);
INSERT INTO `base_category3` VALUES (434, 'T区护理', 49);
INSERT INTO `base_category3` VALUES (435, '眼部护理', 49);
INSERT INTO `base_category3` VALUES (436, '精华露', 49);
INSERT INTO `base_category3` VALUES (437, '爽肤水', 49);
INSERT INTO `base_category3` VALUES (438, '沐浴', 50);
INSERT INTO `base_category3` VALUES (439, '润肤', 50);
INSERT INTO `base_category3` VALUES (440, '颈部', 50);
INSERT INTO `base_category3` VALUES (441, '手足', 50);
INSERT INTO `base_category3` VALUES (442, '纤体塑形', 50);
INSERT INTO `base_category3` VALUES (443, '美胸', 50);
INSERT INTO `base_category3` VALUES (444, '套装', 50);
INSERT INTO `base_category3` VALUES (445, '精油', 50);
INSERT INTO `base_category3` VALUES (446, '洗发护发', 50);
INSERT INTO `base_category3` VALUES (447, '染发/造型', 50);
INSERT INTO `base_category3` VALUES (448, '香薰精油', 50);
INSERT INTO `base_category3` VALUES (449, '磨砂/浴盐', 50);
INSERT INTO `base_category3` VALUES (450, '手工/香皂', 50);
INSERT INTO `base_category3` VALUES (451, '洗发', 50);
INSERT INTO `base_category3` VALUES (452, '护发', 50);
INSERT INTO `base_category3` VALUES (453, '染发', 50);
INSERT INTO `base_category3` VALUES (454, '磨砂膏', 50);
INSERT INTO `base_category3` VALUES (455, '香皂', 50);
INSERT INTO `base_category3` VALUES (456, '牙膏/牙粉', 51);
INSERT INTO `base_category3` VALUES (457, '牙刷/牙线', 51);
INSERT INTO `base_category3` VALUES (458, '漱口水', 51);
INSERT INTO `base_category3` VALUES (459, '套装', 51);
INSERT INTO `base_category3` VALUES (460, '卫生巾', 52);
INSERT INTO `base_category3` VALUES (461, '卫生护垫', 52);
INSERT INTO `base_category3` VALUES (462, '私密护理', 52);
INSERT INTO `base_category3` VALUES (463, '脱毛膏', 52);
INSERT INTO `base_category3` VALUES (464, '其他', 52);
INSERT INTO `base_category3` VALUES (465, '洗发', 53);
INSERT INTO `base_category3` VALUES (466, '护发', 53);
INSERT INTO `base_category3` VALUES (467, '染发', 53);
INSERT INTO `base_category3` VALUES (468, '造型', 53);
INSERT INTO `base_category3` VALUES (469, '假发', 53);
INSERT INTO `base_category3` VALUES (470, '套装', 53);
INSERT INTO `base_category3` VALUES (471, '美发工具', 53);
INSERT INTO `base_category3` VALUES (472, '脸部护理', 53);
INSERT INTO `base_category3` VALUES (473, '香水', 54);
INSERT INTO `base_category3` VALUES (474, '底妆', 54);
INSERT INTO `base_category3` VALUES (475, '腮红', 54);
INSERT INTO `base_category3` VALUES (476, '眼影', 54);
INSERT INTO `base_category3` VALUES (477, '唇部', 54);
INSERT INTO `base_category3` VALUES (478, '美甲', 54);
INSERT INTO `base_category3` VALUES (479, '眼线', 54);
INSERT INTO `base_category3` VALUES (480, '美妆工具', 54);
INSERT INTO `base_category3` VALUES (481, '套装', 54);
INSERT INTO `base_category3` VALUES (482, '防晒隔离', 54);
INSERT INTO `base_category3` VALUES (483, '卸妆', 54);
INSERT INTO `base_category3` VALUES (484, '眉笔', 54);
INSERT INTO `base_category3` VALUES (485, '睫毛膏', 54);
INSERT INTO `base_category3` VALUES (486, 'T恤', 55);
INSERT INTO `base_category3` VALUES (487, '衬衫', 55);
INSERT INTO `base_category3` VALUES (488, '针织衫', 55);
INSERT INTO `base_category3` VALUES (489, '雪纺衫', 55);
INSERT INTO `base_category3` VALUES (490, '卫衣', 55);
INSERT INTO `base_category3` VALUES (491, '马甲', 55);
INSERT INTO `base_category3` VALUES (492, '连衣裙', 55);
INSERT INTO `base_category3` VALUES (493, '半身裙', 55);
INSERT INTO `base_category3` VALUES (494, '牛仔裤', 55);
INSERT INTO `base_category3` VALUES (495, '休闲裤', 55);
INSERT INTO `base_category3` VALUES (496, '打底裤', 55);
INSERT INTO `base_category3` VALUES (497, '正装裤', 55);
INSERT INTO `base_category3` VALUES (498, '小西装', 55);
INSERT INTO `base_category3` VALUES (499, '短外套', 55);
INSERT INTO `base_category3` VALUES (500, '风衣', 55);
INSERT INTO `base_category3` VALUES (501, '毛呢大衣', 55);
INSERT INTO `base_category3` VALUES (502, '真皮皮衣', 55);
INSERT INTO `base_category3` VALUES (503, '棉服', 55);
INSERT INTO `base_category3` VALUES (504, '羽绒服', 55);
INSERT INTO `base_category3` VALUES (505, '大码女装', 55);
INSERT INTO `base_category3` VALUES (506, '中老年女装', 55);
INSERT INTO `base_category3` VALUES (507, '婚纱', 55);
INSERT INTO `base_category3` VALUES (508, '打底衫', 55);
INSERT INTO `base_category3` VALUES (509, '旗袍/唐装', 55);
INSERT INTO `base_category3` VALUES (510, '加绒裤', 55);
INSERT INTO `base_category3` VALUES (511, '吊带/背心', 55);
INSERT INTO `base_category3` VALUES (512, '羊绒衫', 55);
INSERT INTO `base_category3` VALUES (513, '短裤', 55);
INSERT INTO `base_category3` VALUES (514, '皮草', 55);
INSERT INTO `base_category3` VALUES (515, '礼服', 55);
INSERT INTO `base_category3` VALUES (516, '仿皮皮衣', 55);
INSERT INTO `base_category3` VALUES (517, '羊毛衫', 55);
INSERT INTO `base_category3` VALUES (518, '设计师/潮牌', 55);
INSERT INTO `base_category3` VALUES (519, '衬衫', 56);
INSERT INTO `base_category3` VALUES (520, 'T恤', 56);
INSERT INTO `base_category3` VALUES (521, 'POLO衫', 56);
INSERT INTO `base_category3` VALUES (522, '针织衫', 56);
INSERT INTO `base_category3` VALUES (523, '羊绒衫', 56);
INSERT INTO `base_category3` VALUES (524, '卫衣', 56);
INSERT INTO `base_category3` VALUES (525, '马甲/背心', 56);
INSERT INTO `base_category3` VALUES (526, '夹克', 56);
INSERT INTO `base_category3` VALUES (527, '风衣', 56);
INSERT INTO `base_category3` VALUES (528, '毛呢大衣', 56);
INSERT INTO `base_category3` VALUES (529, '仿皮皮衣', 56);
INSERT INTO `base_category3` VALUES (530, '西服', 56);
INSERT INTO `base_category3` VALUES (531, '棉服', 56);
INSERT INTO `base_category3` VALUES (532, '羽绒服', 56);
INSERT INTO `base_category3` VALUES (533, '牛仔裤', 56);
INSERT INTO `base_category3` VALUES (534, '休闲裤', 56);
INSERT INTO `base_category3` VALUES (535, '西裤', 56);
INSERT INTO `base_category3` VALUES (536, '西服套装', 56);
INSERT INTO `base_category3` VALUES (537, '大码男装', 56);
INSERT INTO `base_category3` VALUES (538, '中老年男装', 56);
INSERT INTO `base_category3` VALUES (539, '唐装/中山装', 56);
INSERT INTO `base_category3` VALUES (540, '工装', 56);
INSERT INTO `base_category3` VALUES (541, '真皮皮衣', 56);
INSERT INTO `base_category3` VALUES (542, '加绒裤', 56);
INSERT INTO `base_category3` VALUES (543, '卫裤/运动裤', 56);
INSERT INTO `base_category3` VALUES (544, '短裤', 56);
INSERT INTO `base_category3` VALUES (545, '设计师/潮牌', 56);
INSERT INTO `base_category3` VALUES (546, '羊毛衫', 56);
INSERT INTO `base_category3` VALUES (547, '文胸', 57);
INSERT INTO `base_category3` VALUES (548, '女式内裤', 57);
INSERT INTO `base_category3` VALUES (549, '男式内裤', 57);
INSERT INTO `base_category3` VALUES (550, '睡衣/家居服', 57);
INSERT INTO `base_category3` VALUES (551, '塑身美体', 57);
INSERT INTO `base_category3` VALUES (552, '泳衣', 57);
INSERT INTO `base_category3` VALUES (553, '吊带/背心', 57);
INSERT INTO `base_category3` VALUES (554, '抹胸', 57);
INSERT INTO `base_category3` VALUES (555, '连裤袜/丝袜', 57);
INSERT INTO `base_category3` VALUES (556, '美腿袜', 57);
INSERT INTO `base_category3` VALUES (557, '商务男袜', 57);
INSERT INTO `base_category3` VALUES (558, '保暖内衣', 57);
INSERT INTO `base_category3` VALUES (559, '情侣睡衣', 57);
INSERT INTO `base_category3` VALUES (560, '文胸套装', 57);
INSERT INTO `base_category3` VALUES (561, '少女文胸', 57);
INSERT INTO `base_category3` VALUES (562, '休闲棉袜', 57);
INSERT INTO `base_category3` VALUES (563, '大码内衣', 57);
INSERT INTO `base_category3` VALUES (564, '内衣配件', 57);
INSERT INTO `base_category3` VALUES (565, '打底裤袜', 57);
INSERT INTO `base_category3` VALUES (566, '打底衫', 57);
INSERT INTO `base_category3` VALUES (567, '秋衣秋裤', 57);
INSERT INTO `base_category3` VALUES (568, '情趣内衣', 57);
INSERT INTO `base_category3` VALUES (569, '服装洗护', 58);
INSERT INTO `base_category3` VALUES (570, '太阳镜', 59);
INSERT INTO `base_category3` VALUES (571, '光学镜架/镜片', 59);
INSERT INTO `base_category3` VALUES (572, '围巾/手套/帽子套装', 59);
INSERT INTO `base_category3` VALUES (573, '袖扣', 59);
INSERT INTO `base_category3` VALUES (574, '棒球帽', 59);
INSERT INTO `base_category3` VALUES (575, '毛线帽', 59);
INSERT INTO `base_category3` VALUES (576, '遮阳帽', 59);
INSERT INTO `base_category3` VALUES (577, '老花镜', 59);
INSERT INTO `base_category3` VALUES (578, '装饰眼镜', 59);
INSERT INTO `base_category3` VALUES (579, '防辐射眼镜', 59);
INSERT INTO `base_category3` VALUES (580, '游泳镜', 59);
INSERT INTO `base_category3` VALUES (581, '女士丝巾/围巾/披肩', 59);
INSERT INTO `base_category3` VALUES (582, '男士丝巾/围巾', 59);
INSERT INTO `base_category3` VALUES (583, '鸭舌帽', 59);
INSERT INTO `base_category3` VALUES (584, '贝雷帽', 59);
INSERT INTO `base_category3` VALUES (585, '礼帽', 59);
INSERT INTO `base_category3` VALUES (586, '真皮手套', 59);
INSERT INTO `base_category3` VALUES (587, '毛线手套', 59);
INSERT INTO `base_category3` VALUES (588, '防晒手套', 59);
INSERT INTO `base_category3` VALUES (589, '男士腰带/礼盒', 59);
INSERT INTO `base_category3` VALUES (590, '女士腰带/礼盒', 59);
INSERT INTO `base_category3` VALUES (591, '钥匙扣', 59);
INSERT INTO `base_category3` VALUES (592, '遮阳伞/雨伞', 59);
INSERT INTO `base_category3` VALUES (593, '口罩', 59);
INSERT INTO `base_category3` VALUES (594, '耳罩/耳包', 59);
INSERT INTO `base_category3` VALUES (595, '假领', 59);
INSERT INTO `base_category3` VALUES (596, '毛线/布面料', 59);
INSERT INTO `base_category3` VALUES (597, '领带/领结/领带夹', 59);
INSERT INTO `base_category3` VALUES (598, '男表', 60);
INSERT INTO `base_category3` VALUES (599, '瑞表', 60);
INSERT INTO `base_category3` VALUES (600, '女表', 60);
INSERT INTO `base_category3` VALUES (601, '国表', 60);
INSERT INTO `base_category3` VALUES (602, '日韩表', 60);
INSERT INTO `base_category3` VALUES (603, '欧美表', 60);
INSERT INTO `base_category3` VALUES (604, '德表', 60);
INSERT INTO `base_category3` VALUES (605, '儿童手表', 60);
INSERT INTO `base_category3` VALUES (606, '智能手表', 60);
INSERT INTO `base_category3` VALUES (607, '闹钟', 60);
INSERT INTO `base_category3` VALUES (608, '座钟挂钟', 60);
INSERT INTO `base_category3` VALUES (609, '钟表配件', 60);
INSERT INTO `base_category3` VALUES (610, '商务休闲鞋', 61);
INSERT INTO `base_category3` VALUES (611, '正装鞋', 61);
INSERT INTO `base_category3` VALUES (612, '休闲鞋', 61);
INSERT INTO `base_category3` VALUES (613, '凉鞋/沙滩鞋', 61);
INSERT INTO `base_category3` VALUES (614, '男靴', 61);
INSERT INTO `base_category3` VALUES (615, '功能鞋', 61);
INSERT INTO `base_category3` VALUES (616, '拖鞋/人字拖', 61);
INSERT INTO `base_category3` VALUES (617, '雨鞋/雨靴', 61);
INSERT INTO `base_category3` VALUES (618, '传统布鞋', 61);
INSERT INTO `base_category3` VALUES (619, '鞋配件', 61);
INSERT INTO `base_category3` VALUES (620, '帆布鞋', 61);
INSERT INTO `base_category3` VALUES (621, '增高鞋', 61);
INSERT INTO `base_category3` VALUES (622, '工装鞋', 61);
INSERT INTO `base_category3` VALUES (623, '定制鞋', 61);
INSERT INTO `base_category3` VALUES (624, '高跟鞋', 62);
INSERT INTO `base_category3` VALUES (625, '单鞋', 62);
INSERT INTO `base_category3` VALUES (626, '休闲鞋', 62);
INSERT INTO `base_category3` VALUES (627, '凉鞋', 62);
INSERT INTO `base_category3` VALUES (628, '女靴', 62);
INSERT INTO `base_category3` VALUES (629, '雪地靴', 62);
INSERT INTO `base_category3` VALUES (630, '拖鞋/人字拖', 62);
INSERT INTO `base_category3` VALUES (631, '踝靴', 62);
INSERT INTO `base_category3` VALUES (632, '筒靴', 62);
INSERT INTO `base_category3` VALUES (633, '帆布鞋', 62);
INSERT INTO `base_category3` VALUES (634, '雨鞋/雨靴', 62);
INSERT INTO `base_category3` VALUES (635, '妈妈鞋', 62);
INSERT INTO `base_category3` VALUES (636, '鞋配件', 62);
INSERT INTO `base_category3` VALUES (637, '特色鞋', 62);
INSERT INTO `base_category3` VALUES (638, '鱼嘴鞋', 62);
INSERT INTO `base_category3` VALUES (639, '布鞋/绣花鞋', 62);
INSERT INTO `base_category3` VALUES (640, '马丁靴', 62);
INSERT INTO `base_category3` VALUES (641, '坡跟鞋', 62);
INSERT INTO `base_category3` VALUES (642, '松糕鞋', 62);
INSERT INTO `base_category3` VALUES (643, '内增高', 62);
INSERT INTO `base_category3` VALUES (644, '防水台', 62);
INSERT INTO `base_category3` VALUES (645, '婴幼奶粉', 63);
INSERT INTO `base_category3` VALUES (646, '孕妈奶粉', 63);
INSERT INTO `base_category3` VALUES (647, '益生菌/初乳', 64);
INSERT INTO `base_category3` VALUES (648, '米粉/菜粉', 64);
INSERT INTO `base_category3` VALUES (649, '果泥/果汁', 64);
INSERT INTO `base_category3` VALUES (650, 'DHA', 64);
INSERT INTO `base_category3` VALUES (651, '宝宝零食', 64);
INSERT INTO `base_category3` VALUES (652, '钙铁锌/维生素', 64);
INSERT INTO `base_category3` VALUES (653, '清火/开胃', 64);
INSERT INTO `base_category3` VALUES (654, '面条/粥', 64);
INSERT INTO `base_category3` VALUES (655, '婴儿尿裤', 65);
INSERT INTO `base_category3` VALUES (656, '拉拉裤', 65);
INSERT INTO `base_category3` VALUES (657, '婴儿湿巾', 65);
INSERT INTO `base_category3` VALUES (658, '成人尿裤', 65);
INSERT INTO `base_category3` VALUES (659, '奶瓶奶嘴', 66);
INSERT INTO `base_category3` VALUES (660, '吸奶器', 66);
INSERT INTO `base_category3` VALUES (661, '暖奶消毒', 66);
INSERT INTO `base_category3` VALUES (662, '儿童餐具', 66);
INSERT INTO `base_category3` VALUES (663, '水壶/水杯', 66);
INSERT INTO `base_category3` VALUES (664, '牙胶安抚', 66);
INSERT INTO `base_category3` VALUES (665, '围兜/防溅衣', 66);
INSERT INTO `base_category3` VALUES (666, '辅食料理机', 66);
INSERT INTO `base_category3` VALUES (667, '食物存储', 66);
INSERT INTO `base_category3` VALUES (668, '宝宝护肤', 67);
INSERT INTO `base_category3` VALUES (669, '洗发沐浴', 67);
INSERT INTO `base_category3` VALUES (670, '奶瓶清洗', 67);
INSERT INTO `base_category3` VALUES (671, '驱蚊防晒', 67);
INSERT INTO `base_category3` VALUES (672, '理发器', 67);
INSERT INTO `base_category3` VALUES (673, '洗澡用具', 67);
INSERT INTO `base_category3` VALUES (674, '婴儿口腔清洁', 67);
INSERT INTO `base_category3` VALUES (675, '洗衣液/皂', 67);
INSERT INTO `base_category3` VALUES (676, '日常护理', 67);
INSERT INTO `base_category3` VALUES (677, '座便器', 67);
INSERT INTO `base_category3` VALUES (678, '婴儿推车', 68);
INSERT INTO `base_category3` VALUES (679, '餐椅摇椅', 68);
INSERT INTO `base_category3` VALUES (680, '婴儿床', 68);
INSERT INTO `base_category3` VALUES (681, '学步车', 68);
INSERT INTO `base_category3` VALUES (682, '三轮车', 68);
INSERT INTO `base_category3` VALUES (683, '自行车', 68);
INSERT INTO `base_category3` VALUES (684, '电动车', 68);
INSERT INTO `base_category3` VALUES (685, '扭扭车', 68);
INSERT INTO `base_category3` VALUES (686, '滑板车', 68);
INSERT INTO `base_category3` VALUES (687, '婴儿床垫', 68);
INSERT INTO `base_category3` VALUES (688, '婴儿外出服', 69);
INSERT INTO `base_category3` VALUES (689, '婴儿内衣', 69);
INSERT INTO `base_category3` VALUES (690, '婴儿礼盒', 69);
INSERT INTO `base_category3` VALUES (691, '婴儿鞋帽袜', 69);
INSERT INTO `base_category3` VALUES (692, '安全防护', 69);
INSERT INTO `base_category3` VALUES (693, '家居床品', 69);
INSERT INTO `base_category3` VALUES (694, '睡袋/抱被', 69);
INSERT INTO `base_category3` VALUES (695, '爬行垫', 69);
INSERT INTO `base_category3` VALUES (696, '妈咪包/背婴带', 70);
INSERT INTO `base_category3` VALUES (697, '产后塑身', 70);
INSERT INTO `base_category3` VALUES (698, '文胸/内裤', 70);
INSERT INTO `base_category3` VALUES (699, '防辐射服', 70);
INSERT INTO `base_category3` VALUES (700, '孕妈装', 70);
INSERT INTO `base_category3` VALUES (701, '孕期营养', 70);
INSERT INTO `base_category3` VALUES (702, '孕妇护肤', 70);
INSERT INTO `base_category3` VALUES (703, '待产护理', 70);
INSERT INTO `base_category3` VALUES (704, '月子装', 70);
INSERT INTO `base_category3` VALUES (705, '防溢乳垫', 70);
INSERT INTO `base_category3` VALUES (706, '套装', 71);
INSERT INTO `base_category3` VALUES (707, '上衣', 71);
INSERT INTO `base_category3` VALUES (708, '裤子', 71);
INSERT INTO `base_category3` VALUES (709, '裙子', 71);
INSERT INTO `base_category3` VALUES (710, '内衣/家居服', 71);
INSERT INTO `base_category3` VALUES (711, '羽绒服/棉服', 71);
INSERT INTO `base_category3` VALUES (712, '亲子装', 71);
INSERT INTO `base_category3` VALUES (713, '儿童配饰', 71);
INSERT INTO `base_category3` VALUES (714, '礼服/演出服', 71);
INSERT INTO `base_category3` VALUES (715, '运动鞋', 71);
INSERT INTO `base_category3` VALUES (716, '皮鞋/帆布鞋', 71);
INSERT INTO `base_category3` VALUES (717, '靴子', 71);
INSERT INTO `base_category3` VALUES (718, '凉鞋', 71);
INSERT INTO `base_category3` VALUES (719, '功能鞋', 71);
INSERT INTO `base_category3` VALUES (720, '户外/运动服', 71);
INSERT INTO `base_category3` VALUES (721, '提篮式', 72);
INSERT INTO `base_category3` VALUES (722, '安全座椅', 72);
INSERT INTO `base_category3` VALUES (723, '增高垫', 72);
INSERT INTO `base_category3` VALUES (724, '钱包', 73);
INSERT INTO `base_category3` VALUES (725, '手拿包', 73);
INSERT INTO `base_category3` VALUES (726, '单肩包', 73);
INSERT INTO `base_category3` VALUES (727, '双肩包', 73);
INSERT INTO `base_category3` VALUES (728, '手提包', 73);
INSERT INTO `base_category3` VALUES (729, '斜挎包', 73);
INSERT INTO `base_category3` VALUES (730, '钥匙包', 73);
INSERT INTO `base_category3` VALUES (731, '卡包/零钱包', 73);
INSERT INTO `base_category3` VALUES (732, '男士钱包', 74);
INSERT INTO `base_category3` VALUES (733, '男士手包', 74);
INSERT INTO `base_category3` VALUES (734, '卡包名片夹', 74);
INSERT INTO `base_category3` VALUES (735, '商务公文包', 74);
INSERT INTO `base_category3` VALUES (736, '双肩包', 74);
INSERT INTO `base_category3` VALUES (737, '单肩/斜挎包', 74);
INSERT INTO `base_category3` VALUES (738, '钥匙包', 74);
INSERT INTO `base_category3` VALUES (739, '电脑包', 75);
INSERT INTO `base_category3` VALUES (740, '拉杆箱', 75);
INSERT INTO `base_category3` VALUES (741, '旅行包', 75);
INSERT INTO `base_category3` VALUES (742, '旅行配件', 75);
INSERT INTO `base_category3` VALUES (743, '休闲运动包', 75);
INSERT INTO `base_category3` VALUES (744, '拉杆包', 75);
INSERT INTO `base_category3` VALUES (745, '登山包', 75);
INSERT INTO `base_category3` VALUES (746, '妈咪包', 75);
INSERT INTO `base_category3` VALUES (747, '书包', 75);
INSERT INTO `base_category3` VALUES (748, '相机包', 75);
INSERT INTO `base_category3` VALUES (749, '腰包/胸包', 75);
INSERT INTO `base_category3` VALUES (750, '火机烟具', 76);
INSERT INTO `base_category3` VALUES (751, '礼品文具', 76);
INSERT INTO `base_category3` VALUES (752, '军刀军具', 76);
INSERT INTO `base_category3` VALUES (753, '收藏品', 76);
INSERT INTO `base_category3` VALUES (754, '工艺礼品', 76);
INSERT INTO `base_category3` VALUES (755, '创意礼品', 76);
INSERT INTO `base_category3` VALUES (756, '礼盒礼券', 76);
INSERT INTO `base_category3` VALUES (757, '鲜花绿植', 76);
INSERT INTO `base_category3` VALUES (758, '婚庆节庆', 76);
INSERT INTO `base_category3` VALUES (759, '京东卡', 76);
INSERT INTO `base_category3` VALUES (760, '美妆礼品', 76);
INSERT INTO `base_category3` VALUES (761, '礼品定制', 76);
INSERT INTO `base_category3` VALUES (762, '京东福卡', 76);
INSERT INTO `base_category3` VALUES (763, '古董文玩', 76);
INSERT INTO `base_category3` VALUES (764, '箱包', 77);
INSERT INTO `base_category3` VALUES (765, '钱包', 77);
INSERT INTO `base_category3` VALUES (766, '服饰', 77);
INSERT INTO `base_category3` VALUES (767, '腰带', 77);
INSERT INTO `base_category3` VALUES (768, '太阳镜/眼镜框', 77);
INSERT INTO `base_category3` VALUES (769, '配件', 77);
INSERT INTO `base_category3` VALUES (770, '鞋靴', 77);
INSERT INTO `base_category3` VALUES (771, '饰品', 77);
INSERT INTO `base_category3` VALUES (772, '名品腕表', 77);
INSERT INTO `base_category3` VALUES (773, '高档化妆品', 77);
INSERT INTO `base_category3` VALUES (774, '婚嫁首饰', 78);
INSERT INTO `base_category3` VALUES (775, '婚纱摄影', 78);
INSERT INTO `base_category3` VALUES (776, '婚纱礼服', 78);
INSERT INTO `base_category3` VALUES (777, '婚庆服务', 78);
INSERT INTO `base_category3` VALUES (778, '婚庆礼品/用品', 78);
INSERT INTO `base_category3` VALUES (779, '婚宴', 78);
INSERT INTO `base_category3` VALUES (780, '饼干蛋糕', 79);
INSERT INTO `base_category3` VALUES (781, '糖果/巧克力', 79);
INSERT INTO `base_category3` VALUES (782, '休闲零食', 79);
INSERT INTO `base_category3` VALUES (783, '冲调饮品', 79);
INSERT INTO `base_category3` VALUES (784, '粮油调味', 79);
INSERT INTO `base_category3` VALUES (785, '牛奶', 79);
INSERT INTO `base_category3` VALUES (786, '其他特产', 80);
INSERT INTO `base_category3` VALUES (787, '新疆', 80);
INSERT INTO `base_category3` VALUES (788, '北京', 80);
INSERT INTO `base_category3` VALUES (789, '山西', 80);
INSERT INTO `base_category3` VALUES (790, '内蒙古', 80);
INSERT INTO `base_category3` VALUES (791, '福建', 80);
INSERT INTO `base_category3` VALUES (792, '湖南', 80);
INSERT INTO `base_category3` VALUES (793, '四川', 80);
INSERT INTO `base_category3` VALUES (794, '云南', 80);
INSERT INTO `base_category3` VALUES (795, '东北', 80);
INSERT INTO `base_category3` VALUES (796, '休闲零食', 81);
INSERT INTO `base_category3` VALUES (797, '坚果炒货', 81);
INSERT INTO `base_category3` VALUES (798, '肉干肉脯', 81);
INSERT INTO `base_category3` VALUES (799, '蜜饯果干', 81);
INSERT INTO `base_category3` VALUES (800, '糖果/巧克力', 81);
INSERT INTO `base_category3` VALUES (801, '饼干蛋糕', 81);
INSERT INTO `base_category3` VALUES (802, '无糖食品', 81);
INSERT INTO `base_category3` VALUES (803, '米面杂粮', 82);
INSERT INTO `base_category3` VALUES (804, '食用油', 82);
INSERT INTO `base_category3` VALUES (805, '调味品', 82);
INSERT INTO `base_category3` VALUES (806, '南北干货', 82);
INSERT INTO `base_category3` VALUES (807, '方便食品', 82);
INSERT INTO `base_category3` VALUES (808, '有机食品', 82);
INSERT INTO `base_category3` VALUES (809, '饮用水', 83);
INSERT INTO `base_category3` VALUES (810, '饮料', 83);
INSERT INTO `base_category3` VALUES (811, '牛奶乳品', 83);
INSERT INTO `base_category3` VALUES (812, '咖啡/奶茶', 83);
INSERT INTO `base_category3` VALUES (813, '冲饮谷物', 83);
INSERT INTO `base_category3` VALUES (814, '蜂蜜/柚子茶', 83);
INSERT INTO `base_category3` VALUES (815, '成人奶粉', 83);
INSERT INTO `base_category3` VALUES (816, '月饼', 84);
INSERT INTO `base_category3` VALUES (817, '大闸蟹', 84);
INSERT INTO `base_category3` VALUES (818, '粽子', 84);
INSERT INTO `base_category3` VALUES (819, '卡券', 84);
INSERT INTO `base_category3` VALUES (820, '铁观音', 85);
INSERT INTO `base_category3` VALUES (821, '普洱', 85);
INSERT INTO `base_category3` VALUES (822, '龙井', 85);
INSERT INTO `base_category3` VALUES (823, '绿茶', 85);
INSERT INTO `base_category3` VALUES (824, '红茶', 85);
INSERT INTO `base_category3` VALUES (825, '乌龙茶', 85);
INSERT INTO `base_category3` VALUES (826, '花草茶', 85);
INSERT INTO `base_category3` VALUES (827, '花果茶', 85);
INSERT INTO `base_category3` VALUES (828, '养生茶', 85);
INSERT INTO `base_category3` VALUES (829, '黑茶', 85);
INSERT INTO `base_category3` VALUES (830, '白茶', 85);
INSERT INTO `base_category3` VALUES (831, '其它茶', 85);
INSERT INTO `base_category3` VALUES (832, '项链', 86);
INSERT INTO `base_category3` VALUES (833, '手链/脚链', 86);
INSERT INTO `base_category3` VALUES (834, '戒指', 86);
INSERT INTO `base_category3` VALUES (835, '耳饰', 86);
INSERT INTO `base_category3` VALUES (836, '毛衣链', 86);
INSERT INTO `base_category3` VALUES (837, '发饰/发卡', 86);
INSERT INTO `base_category3` VALUES (838, '胸针', 86);
INSERT INTO `base_category3` VALUES (839, '饰品配件', 86);
INSERT INTO `base_category3` VALUES (840, '婚庆饰品', 86);
INSERT INTO `base_category3` VALUES (841, '黄金吊坠', 87);
INSERT INTO `base_category3` VALUES (842, '黄金项链', 87);
INSERT INTO `base_category3` VALUES (843, '黄金转运珠', 87);
INSERT INTO `base_category3` VALUES (844, '黄金手镯/手链/脚链', 87);
INSERT INTO `base_category3` VALUES (845, '黄金耳饰', 87);
INSERT INTO `base_category3` VALUES (846, '黄金戒指', 87);
INSERT INTO `base_category3` VALUES (847, 'K金吊坠', 88);
INSERT INTO `base_category3` VALUES (848, 'K金项链', 88);
INSERT INTO `base_category3` VALUES (849, 'K金手镯/手链/脚链', 88);
INSERT INTO `base_category3` VALUES (850, 'K金戒指', 88);
INSERT INTO `base_category3` VALUES (851, 'K金耳饰', 88);
INSERT INTO `base_category3` VALUES (852, '投资金', 89);
INSERT INTO `base_category3` VALUES (853, '投资银', 89);
INSERT INTO `base_category3` VALUES (854, '投资收藏', 89);
INSERT INTO `base_category3` VALUES (855, '银吊坠/项链', 90);
INSERT INTO `base_category3` VALUES (856, '银手镯/手链/脚链', 90);
INSERT INTO `base_category3` VALUES (857, '银戒指', 90);
INSERT INTO `base_category3` VALUES (858, '银耳饰', 90);
INSERT INTO `base_category3` VALUES (859, '足银手镯', 90);
INSERT INTO `base_category3` VALUES (860, '宝宝银饰', 90);
INSERT INTO `base_category3` VALUES (861, '裸钻', 91);
INSERT INTO `base_category3` VALUES (862, '钻戒', 91);
INSERT INTO `base_category3` VALUES (863, '钻石项链/吊坠', 91);
INSERT INTO `base_category3` VALUES (864, '钻石耳饰', 91);
INSERT INTO `base_category3` VALUES (865, '钻石手镯/手链', 91);
INSERT INTO `base_category3` VALUES (866, '项链/吊坠', 92);
INSERT INTO `base_category3` VALUES (867, '手镯/手串', 92);
INSERT INTO `base_category3` VALUES (868, '戒指', 92);
INSERT INTO `base_category3` VALUES (869, '耳饰', 92);
INSERT INTO `base_category3` VALUES (870, '挂件/摆件/把件', 92);
INSERT INTO `base_category3` VALUES (871, '玉石孤品', 92);
INSERT INTO `base_category3` VALUES (872, '项链/吊坠', 93);
INSERT INTO `base_category3` VALUES (873, '耳饰', 93);
INSERT INTO `base_category3` VALUES (874, '手镯/手链/脚链', 93);
INSERT INTO `base_category3` VALUES (875, '戒指', 93);
INSERT INTO `base_category3` VALUES (876, '头饰/胸针', 93);
INSERT INTO `base_category3` VALUES (877, '摆件/挂件', 93);
INSERT INTO `base_category3` VALUES (878, '琥珀/蜜蜡', 94);
INSERT INTO `base_category3` VALUES (879, '碧玺', 94);
INSERT INTO `base_category3` VALUES (880, '红宝石/蓝宝石', 94);
INSERT INTO `base_category3` VALUES (881, '坦桑石', 94);
INSERT INTO `base_category3` VALUES (882, '珊瑚', 94);
INSERT INTO `base_category3` VALUES (883, '祖母绿', 94);
INSERT INTO `base_category3` VALUES (884, '葡萄石', 94);
INSERT INTO `base_category3` VALUES (885, '其他天然宝石', 94);
INSERT INTO `base_category3` VALUES (886, '项链/吊坠', 94);
INSERT INTO `base_category3` VALUES (887, '耳饰', 94);
INSERT INTO `base_category3` VALUES (888, '手镯/手链', 94);
INSERT INTO `base_category3` VALUES (889, '戒指', 94);
INSERT INTO `base_category3` VALUES (890, '铂金项链/吊坠', 95);
INSERT INTO `base_category3` VALUES (891, '铂金手镯/手链/脚链', 95);
INSERT INTO `base_category3` VALUES (892, '铂金戒指', 95);
INSERT INTO `base_category3` VALUES (893, '铂金耳饰', 95);
INSERT INTO `base_category3` VALUES (894, '小叶紫檀', 96);
INSERT INTO `base_category3` VALUES (895, '黄花梨', 96);
INSERT INTO `base_category3` VALUES (896, '沉香木', 96);
INSERT INTO `base_category3` VALUES (897, '金丝楠', 96);
INSERT INTO `base_category3` VALUES (898, '菩提', 96);
INSERT INTO `base_category3` VALUES (899, '其他', 96);
INSERT INTO `base_category3` VALUES (900, '橄榄核/核桃', 96);
INSERT INTO `base_category3` VALUES (901, '檀香', 96);
INSERT INTO `base_category3` VALUES (902, '珍珠项链', 97);
INSERT INTO `base_category3` VALUES (903, '珍珠吊坠', 97);
INSERT INTO `base_category3` VALUES (904, '珍珠耳饰', 97);
INSERT INTO `base_category3` VALUES (905, '珍珠手链', 97);
INSERT INTO `base_category3` VALUES (906, '珍珠戒指', 97);
INSERT INTO `base_category3` VALUES (907, '珍珠胸针', 97);
INSERT INTO `base_category3` VALUES (908, '机油', 98);
INSERT INTO `base_category3` VALUES (909, '正时皮带', 98);
INSERT INTO `base_category3` VALUES (910, '添加剂', 98);
INSERT INTO `base_category3` VALUES (911, '汽车喇叭', 98);
INSERT INTO `base_category3` VALUES (912, '防冻液', 98);
INSERT INTO `base_category3` VALUES (913, '汽车玻璃', 98);
INSERT INTO `base_category3` VALUES (914, '滤清器', 98);
INSERT INTO `base_category3` VALUES (915, '火花塞', 98);
INSERT INTO `base_category3` VALUES (916, '减震器', 98);
INSERT INTO `base_category3` VALUES (917, '柴机油/辅助油', 98);
INSERT INTO `base_category3` VALUES (918, '雨刷', 98);
INSERT INTO `base_category3` VALUES (919, '车灯', 98);
INSERT INTO `base_category3` VALUES (920, '后视镜', 98);
INSERT INTO `base_category3` VALUES (921, '轮胎', 98);
INSERT INTO `base_category3` VALUES (922, '轮毂', 98);
INSERT INTO `base_category3` VALUES (923, '刹车片/盘', 98);
INSERT INTO `base_category3` VALUES (924, '维修配件', 98);
INSERT INTO `base_category3` VALUES (925, '蓄电池', 98);
INSERT INTO `base_category3` VALUES (926, '底盘装甲/护板', 98);
INSERT INTO `base_category3` VALUES (927, '贴膜', 98);
INSERT INTO `base_category3` VALUES (928, '汽修工具', 98);
INSERT INTO `base_category3` VALUES (929, '改装配件', 98);
INSERT INTO `base_category3` VALUES (930, '导航仪', 99);
INSERT INTO `base_category3` VALUES (931, '安全预警仪', 99);
INSERT INTO `base_category3` VALUES (932, '行车记录仪', 99);
INSERT INTO `base_category3` VALUES (933, '倒车雷达', 99);
INSERT INTO `base_category3` VALUES (934, '蓝牙设备', 99);
INSERT INTO `base_category3` VALUES (935, '车载影音', 99);
INSERT INTO `base_category3` VALUES (936, '净化器', 99);
INSERT INTO `base_category3` VALUES (937, '电源', 99);
INSERT INTO `base_category3` VALUES (938, '智能驾驶', 99);
INSERT INTO `base_category3` VALUES (939, '车载电台', 99);
INSERT INTO `base_category3` VALUES (940, '车载电器配件', 99);
INSERT INTO `base_category3` VALUES (941, '吸尘器', 99);
INSERT INTO `base_category3` VALUES (942, '智能车机', 99);
INSERT INTO `base_category3` VALUES (943, '冰箱', 99);
INSERT INTO `base_category3` VALUES (944, '汽车音响', 99);
INSERT INTO `base_category3` VALUES (945, '车载生活电器', 99);
INSERT INTO `base_category3` VALUES (946, '车蜡', 100);
INSERT INTO `base_category3` VALUES (947, '补漆笔', 100);
INSERT INTO `base_category3` VALUES (948, '玻璃水', 100);
INSERT INTO `base_category3` VALUES (949, '清洁剂', 100);
INSERT INTO `base_category3` VALUES (950, '洗车工具', 100);
INSERT INTO `base_category3` VALUES (951, '镀晶镀膜', 100);
INSERT INTO `base_category3` VALUES (952, '打蜡机', 100);
INSERT INTO `base_category3` VALUES (953, '洗车配件', 100);
INSERT INTO `base_category3` VALUES (954, '洗车机', 100);
INSERT INTO `base_category3` VALUES (955, '洗车水枪', 100);
INSERT INTO `base_category3` VALUES (956, '毛巾掸子', 100);
INSERT INTO `base_category3` VALUES (957, '脚垫', 101);
INSERT INTO `base_category3` VALUES (958, '座垫', 101);
INSERT INTO `base_category3` VALUES (959, '座套', 101);
INSERT INTO `base_category3` VALUES (960, '后备箱垫', 101);
INSERT INTO `base_category3` VALUES (961, '头枕腰靠', 101);
INSERT INTO `base_category3` VALUES (962, '方向盘套', 101);
INSERT INTO `base_category3` VALUES (963, '香水', 101);
INSERT INTO `base_category3` VALUES (964, '空气净化', 101);
INSERT INTO `base_category3` VALUES (965, '挂件摆件', 101);
INSERT INTO `base_category3` VALUES (966, '功能小件', 101);
INSERT INTO `base_category3` VALUES (967, '车身装饰件', 101);
INSERT INTO `base_category3` VALUES (968, '车衣', 101);
INSERT INTO `base_category3` VALUES (969, '安全座椅', 102);
INSERT INTO `base_category3` VALUES (970, '胎压监测', 102);
INSERT INTO `base_category3` VALUES (971, '防盗设备', 102);
INSERT INTO `base_category3` VALUES (972, '应急救援', 102);
INSERT INTO `base_category3` VALUES (973, '保温箱', 102);
INSERT INTO `base_category3` VALUES (974, '地锁', 102);
INSERT INTO `base_category3` VALUES (975, '摩托车', 102);
INSERT INTO `base_category3` VALUES (976, '充气泵', 102);
INSERT INTO `base_category3` VALUES (977, '储物箱', 102);
INSERT INTO `base_category3` VALUES (978, '自驾野营', 102);
INSERT INTO `base_category3` VALUES (979, '摩托车装备', 102);
INSERT INTO `base_category3` VALUES (980, '清洗美容', 103);
INSERT INTO `base_category3` VALUES (981, '功能升级', 103);
INSERT INTO `base_category3` VALUES (982, '保养维修', 103);
INSERT INTO `base_category3` VALUES (983, '油卡充值', 103);
INSERT INTO `base_category3` VALUES (984, '车险', 103);
INSERT INTO `base_category3` VALUES (985, '加油卡', 103);
INSERT INTO `base_category3` VALUES (986, 'ETC', 103);
INSERT INTO `base_category3` VALUES (987, '驾驶培训', 103);
INSERT INTO `base_category3` VALUES (988, '赛事服装', 104);
INSERT INTO `base_category3` VALUES (989, '赛事用品', 104);
INSERT INTO `base_category3` VALUES (990, '制动系统', 104);
INSERT INTO `base_category3` VALUES (991, '悬挂系统', 104);
INSERT INTO `base_category3` VALUES (992, '进气系统', 104);
INSERT INTO `base_category3` VALUES (993, '排气系统', 104);
INSERT INTO `base_category3` VALUES (994, '电子管理', 104);
INSERT INTO `base_category3` VALUES (995, '车身强化', 104);
INSERT INTO `base_category3` VALUES (996, '赛事座椅', 104);
INSERT INTO `base_category3` VALUES (997, '跑步鞋', 105);
INSERT INTO `base_category3` VALUES (998, '休闲鞋', 105);
INSERT INTO `base_category3` VALUES (999, '篮球鞋', 105);
INSERT INTO `base_category3` VALUES (1000, '板鞋', 105);
INSERT INTO `base_category3` VALUES (1001, '帆布鞋', 105);
INSERT INTO `base_category3` VALUES (1002, '足球鞋', 105);
INSERT INTO `base_category3` VALUES (1003, '乒羽网鞋', 105);
INSERT INTO `base_category3` VALUES (1004, '专项运动鞋', 105);
INSERT INTO `base_category3` VALUES (1005, '训练鞋', 105);
INSERT INTO `base_category3` VALUES (1006, '拖鞋', 105);
INSERT INTO `base_category3` VALUES (1007, '运动包', 105);
INSERT INTO `base_category3` VALUES (1008, '羽绒服', 106);
INSERT INTO `base_category3` VALUES (1009, '棉服', 106);
INSERT INTO `base_category3` VALUES (1010, '运动裤', 106);
INSERT INTO `base_category3` VALUES (1011, '夹克/风衣', 106);
INSERT INTO `base_category3` VALUES (1012, '卫衣/套头衫', 106);
INSERT INTO `base_category3` VALUES (1013, 'T恤', 106);
INSERT INTO `base_category3` VALUES (1014, '套装', 106);
INSERT INTO `base_category3` VALUES (1015, '乒羽网服', 106);
INSERT INTO `base_category3` VALUES (1016, '健身服', 106);
INSERT INTO `base_category3` VALUES (1017, '运动背心', 106);
INSERT INTO `base_category3` VALUES (1018, '毛衫/线衫', 106);
INSERT INTO `base_category3` VALUES (1019, '运动配饰', 106);
INSERT INTO `base_category3` VALUES (1020, '折叠车', 107);
INSERT INTO `base_category3` VALUES (1021, '山地车/公路车', 107);
INSERT INTO `base_category3` VALUES (1022, '电动车', 107);
INSERT INTO `base_category3` VALUES (1023, '其他整车', 107);
INSERT INTO `base_category3` VALUES (1024, '骑行服', 107);
INSERT INTO `base_category3` VALUES (1025, '骑行装备', 107);
INSERT INTO `base_category3` VALUES (1026, '平衡车', 107);
INSERT INTO `base_category3` VALUES (1027, '鱼竿鱼线', 108);
INSERT INTO `base_category3` VALUES (1028, '浮漂鱼饵', 108);
INSERT INTO `base_category3` VALUES (1029, '钓鱼桌椅', 108);
INSERT INTO `base_category3` VALUES (1030, '钓鱼配件', 108);
INSERT INTO `base_category3` VALUES (1031, '钓箱鱼包', 108);
INSERT INTO `base_category3` VALUES (1032, '其它', 108);
INSERT INTO `base_category3` VALUES (1033, '泳镜', 109);
INSERT INTO `base_category3` VALUES (1034, '泳帽', 109);
INSERT INTO `base_category3` VALUES (1035, '游泳包防水包', 109);
INSERT INTO `base_category3` VALUES (1036, '女士泳衣', 109);
INSERT INTO `base_category3` VALUES (1037, '男士泳衣', 109);
INSERT INTO `base_category3` VALUES (1038, '比基尼', 109);
INSERT INTO `base_category3` VALUES (1039, '其它', 109);
INSERT INTO `base_category3` VALUES (1040, '冲锋衣裤', 110);
INSERT INTO `base_category3` VALUES (1041, '速干衣裤', 110);
INSERT INTO `base_category3` VALUES (1042, '滑雪服', 110);
INSERT INTO `base_category3` VALUES (1043, '羽绒服/棉服', 110);
INSERT INTO `base_category3` VALUES (1044, '休闲衣裤', 110);
INSERT INTO `base_category3` VALUES (1045, '抓绒衣裤', 110);
INSERT INTO `base_category3` VALUES (1046, '软壳衣裤', 110);
INSERT INTO `base_category3` VALUES (1047, 'T恤', 110);
INSERT INTO `base_category3` VALUES (1048, '户外风衣', 110);
INSERT INTO `base_category3` VALUES (1049, '功能内衣', 110);
INSERT INTO `base_category3` VALUES (1050, '军迷服饰', 110);
INSERT INTO `base_category3` VALUES (1051, '登山鞋', 110);
INSERT INTO `base_category3` VALUES (1052, '雪地靴', 110);
INSERT INTO `base_category3` VALUES (1053, '徒步鞋', 110);
INSERT INTO `base_category3` VALUES (1054, '越野跑鞋', 110);
INSERT INTO `base_category3` VALUES (1055, '休闲鞋', 110);
INSERT INTO `base_category3` VALUES (1056, '工装鞋', 110);
INSERT INTO `base_category3` VALUES (1057, '溯溪鞋', 110);
INSERT INTO `base_category3` VALUES (1058, '沙滩/凉拖', 110);
INSERT INTO `base_category3` VALUES (1059, '户外袜', 110);
INSERT INTO `base_category3` VALUES (1060, '帐篷/垫子', 111);
INSERT INTO `base_category3` VALUES (1061, '睡袋/吊床', 111);
INSERT INTO `base_category3` VALUES (1062, '登山攀岩', 111);
INSERT INTO `base_category3` VALUES (1063, '户外配饰', 111);
INSERT INTO `base_category3` VALUES (1064, '背包', 111);
INSERT INTO `base_category3` VALUES (1065, '户外照明', 111);
INSERT INTO `base_category3` VALUES (1066, '户外仪表', 111);
INSERT INTO `base_category3` VALUES (1067, '户外工具', 111);
INSERT INTO `base_category3` VALUES (1068, '望远镜', 111);
INSERT INTO `base_category3` VALUES (1069, '旅游用品', 111);
INSERT INTO `base_category3` VALUES (1070, '便携桌椅床', 111);
INSERT INTO `base_category3` VALUES (1071, '野餐烧烤', 111);
INSERT INTO `base_category3` VALUES (1072, '军迷用品', 111);
INSERT INTO `base_category3` VALUES (1073, '救援装备', 111);
INSERT INTO `base_category3` VALUES (1074, '滑雪装备', 111);
INSERT INTO `base_category3` VALUES (1075, '极限户外', 111);
INSERT INTO `base_category3` VALUES (1076, '冲浪潜水', 111);
INSERT INTO `base_category3` VALUES (1077, '综合训练器', 112);
INSERT INTO `base_category3` VALUES (1078, '其他大型器械', 112);
INSERT INTO `base_category3` VALUES (1079, '哑铃', 112);
INSERT INTO `base_category3` VALUES (1080, '仰卧板/收腹机', 112);
INSERT INTO `base_category3` VALUES (1081, '其他中小型器材', 112);
INSERT INTO `base_category3` VALUES (1082, '瑜伽舞蹈', 112);
INSERT INTO `base_category3` VALUES (1083, '甩脂机', 112);
INSERT INTO `base_category3` VALUES (1084, '踏步机', 112);
INSERT INTO `base_category3` VALUES (1085, '武术搏击', 112);
INSERT INTO `base_category3` VALUES (1086, '健身车/动感单车', 112);
INSERT INTO `base_category3` VALUES (1087, '跑步机', 112);
INSERT INTO `base_category3` VALUES (1088, '运动护具', 112);
INSERT INTO `base_category3` VALUES (1089, '羽毛球', 113);
INSERT INTO `base_category3` VALUES (1090, '乒乓球', 113);
INSERT INTO `base_category3` VALUES (1091, '篮球', 113);
INSERT INTO `base_category3` VALUES (1092, '足球', 113);
INSERT INTO `base_category3` VALUES (1093, '网球', 113);
INSERT INTO `base_category3` VALUES (1094, '排球', 113);
INSERT INTO `base_category3` VALUES (1095, '高尔夫', 113);
INSERT INTO `base_category3` VALUES (1096, '台球', 113);
INSERT INTO `base_category3` VALUES (1097, '棋牌麻将', 113);
INSERT INTO `base_category3` VALUES (1098, '轮滑滑板', 113);
INSERT INTO `base_category3` VALUES (1099, '其他', 113);

-- ----------------------------
-- Table structure for base_sale_attr
-- ----------------------------
DROP TABLE IF EXISTS `base_sale_attr`;
CREATE TABLE `base_sale_attr`  (
  `id` bigint(20) NOT NULL AUTO_INCREMENT COMMENT '编号',
  `name` varchar(20) CHARACTER SET utf8 COLLATE utf8_general_ci NOT NULL COMMENT '销售属性名称',
  PRIMARY KEY (`id`) USING BTREE
) ENGINE = InnoDB AUTO_INCREMENT = 4 CHARACTER SET = utf8 COLLATE = utf8_general_ci COMMENT = '基本销售属性表' ROW_FORMAT = Dynamic;

-- ----------------------------
-- Records of base_sale_attr
-- ----------------------------
INSERT INTO `base_sale_attr` VALUES (1, '选择颜色');
INSERT INTO `base_sale_attr` VALUES (2, '选择版本');
INSERT INTO `base_sale_attr` VALUES (3, '选择套装');

-- ----------------------------
-- Table structure for base_trademark
-- ----------------------------
DROP TABLE IF EXISTS `base_trademark`;
CREATE TABLE `base_trademark`  (
  `id` bigint(20) NOT NULL AUTO_INCREMENT COMMENT '编号',
  `tm_name` varchar(100) CHARACTER SET utf8 COLLATE utf8_general_ci NOT NULL COMMENT '属性值',
  `logo_url` varchar(200) CHARACTER SET utf8 COLLATE utf8_general_ci NULL DEFAULT NULL COMMENT '品牌logo的图片路径',
  PRIMARY KEY (`id`) USING BTREE
) ENGINE = InnoDB AUTO_INCREMENT = 13 CHARACTER SET = utf8 COLLATE = utf8_general_ci COMMENT = '品牌表' ROW_FORMAT = Dynamic;

-- ----------------------------
-- Records of base_trademark
-- ----------------------------
INSERT INTO `base_trademark` VALUES (2, '华为', 'http://192.168.200.128:8080/group1/M00/00/01/wKjIgF9zVWCEDzSHAAAAAG725o8332.png');
INSERT INTO `base_trademark` VALUES (3, '三星', 'http://192.168.200.128:8080/group1/M00/00/01/wKjIgF9zVViEdhwNAAAAAOT5oIk773.png');
INSERT INTO `base_trademark` VALUES (4, '小米', 'http://192.168.200.128:8080/group1/M00/00/01/wKjIgF9zVVGEavWOAAAAAO_LJ4k561.png');
INSERT INTO `base_trademark` VALUES (5, 'oppo', 'http://192.168.200.128:8080/group1/M00/00/01/wKjIgF9zVUuETBCCAAAAAIdCKHo135.png');
INSERT INTO `base_trademark` VALUES (6, 'vivo', 'http://192.168.200.128:8080/group1/M00/00/01/wKjIgF90RPaEOOH5AAAAAPzxDAI549.png');
INSERT INTO `base_trademark` VALUES (11, '苹果', 'http://192.168.200.128:8080/group1/M00/00/02/wKjIgF_GZBqEKKqDAAAAAIyTSXk606.png');
INSERT INTO `base_trademark` VALUES (12, '456', '123');

-- ----------------------------
-- Table structure for sku_attr_value
-- ----------------------------
DROP TABLE IF EXISTS `sku_attr_value`;
CREATE TABLE `sku_attr_value`  (
  `id` bigint(20) NOT NULL AUTO_INCREMENT COMMENT '编号',
  `attr_id` bigint(20) NULL DEFAULT NULL COMMENT '属性id（冗余)',
  `value_id` bigint(20) NULL DEFAULT NULL COMMENT '属性值id',
  `sku_id` bigint(20) NULL DEFAULT NULL COMMENT 'skuid',
  PRIMARY KEY (`id`) USING BTREE
) ENGINE = InnoDB AUTO_INCREMENT = 196 CHARACTER SET = utf8 COLLATE = utf8_general_ci COMMENT = 'sku平台属性值关联表' ROW_FORMAT = Dynamic;

-- ----------------------------
-- Records of sku_attr_value
-- ----------------------------
INSERT INTO `sku_attr_value` VALUES (1, 1, 6, 1);
INSERT INTO `sku_attr_value` VALUES (2, 2, 16, 1);
INSERT INTO `sku_attr_value` VALUES (3, 3, 21, 1);
INSERT INTO `sku_attr_value` VALUES (4, 4, 28, 1);
INSERT INTO `sku_attr_value` VALUES (5, 5, 46, 1);
INSERT INTO `sku_attr_value` VALUES (6, 1, 6, 2);
INSERT INTO `sku_attr_value` VALUES (7, 2, 16, 2);
INSERT INTO `sku_attr_value` VALUES (8, 3, 21, 2);
INSERT INTO `sku_attr_value` VALUES (9, 4, 28, 2);
INSERT INTO `sku_attr_value` VALUES (10, 5, 46, 2);
INSERT INTO `sku_attr_value` VALUES (11, 1, 6, 3);
INSERT INTO `sku_attr_value` VALUES (12, 2, 16, 3);
INSERT INTO `sku_attr_value` VALUES (13, 3, 21, 3);
INSERT INTO `sku_attr_value` VALUES (14, 4, 28, 3);
INSERT INTO `sku_attr_value` VALUES (15, 5, 46, 3);
INSERT INTO `sku_attr_value` VALUES (16, 1, 6, 4);
INSERT INTO `sku_attr_value` VALUES (17, 2, 16, 4);
INSERT INTO `sku_attr_value` VALUES (18, 3, 21, 4);
INSERT INTO `sku_attr_value` VALUES (19, 4, 27, 4);
INSERT INTO `sku_attr_value` VALUES (20, 5, 46, 4);
INSERT INTO `sku_attr_value` VALUES (21, 1, 6, 5);
INSERT INTO `sku_attr_value` VALUES (22, 2, 16, 5);
INSERT INTO `sku_attr_value` VALUES (23, 3, 21, 5);
INSERT INTO `sku_attr_value` VALUES (24, 4, 27, 5);
INSERT INTO `sku_attr_value` VALUES (25, 5, 46, 5);
INSERT INTO `sku_attr_value` VALUES (26, 1, 6, 6);
INSERT INTO `sku_attr_value` VALUES (27, 2, 16, 6);
INSERT INTO `sku_attr_value` VALUES (28, 3, 21, 6);
INSERT INTO `sku_attr_value` VALUES (29, 4, 27, 6);
INSERT INTO `sku_attr_value` VALUES (30, 5, 46, 6);
INSERT INTO `sku_attr_value` VALUES (31, 1, 5, 7);
INSERT INTO `sku_attr_value` VALUES (32, 2, 11, 7);
INSERT INTO `sku_attr_value` VALUES (33, 3, 19, 7);
INSERT INTO `sku_attr_value` VALUES (34, 4, 27, 7);
INSERT INTO `sku_attr_value` VALUES (35, 5, 44, 7);
INSERT INTO `sku_attr_value` VALUES (36, 1, 5, 8);
INSERT INTO `sku_attr_value` VALUES (37, 2, 11, 8);
INSERT INTO `sku_attr_value` VALUES (38, 3, 19, 8);
INSERT INTO `sku_attr_value` VALUES (39, 4, 26, 8);
INSERT INTO `sku_attr_value` VALUES (40, 5, 44, 8);
INSERT INTO `sku_attr_value` VALUES (41, 1, 5, 9);
INSERT INTO `sku_attr_value` VALUES (42, 2, 11, 9);
INSERT INTO `sku_attr_value` VALUES (43, 3, 19, 9);
INSERT INTO `sku_attr_value` VALUES (44, 4, 26, 9);
INSERT INTO `sku_attr_value` VALUES (45, 5, 44, 9);
INSERT INTO `sku_attr_value` VALUES (46, 1, 5, 10);
INSERT INTO `sku_attr_value` VALUES (47, 2, 11, 10);
INSERT INTO `sku_attr_value` VALUES (48, 3, 19, 10);
INSERT INTO `sku_attr_value` VALUES (49, 4, 27, 10);
INSERT INTO `sku_attr_value` VALUES (50, 5, 44, 10);
INSERT INTO `sku_attr_value` VALUES (51, 1, 4, 11);
INSERT INTO `sku_attr_value` VALUES (52, 2, 9, 11);
INSERT INTO `sku_attr_value` VALUES (53, 3, 20, 11);
INSERT INTO `sku_attr_value` VALUES (54, 4, 27, 11);
INSERT INTO `sku_attr_value` VALUES (55, 5, 41, 11);
INSERT INTO `sku_attr_value` VALUES (56, 1, 5, 12);
INSERT INTO `sku_attr_value` VALUES (57, 2, 8, 12);
INSERT INTO `sku_attr_value` VALUES (58, 3, 20, 12);
INSERT INTO `sku_attr_value` VALUES (59, 4, 26, 12);
INSERT INTO `sku_attr_value` VALUES (60, 5, 44, 12);
INSERT INTO `sku_attr_value` VALUES (61, 1, 5, 13);
INSERT INTO `sku_attr_value` VALUES (62, 2, 8, 13);
INSERT INTO `sku_attr_value` VALUES (63, 3, 20, 13);
INSERT INTO `sku_attr_value` VALUES (64, 4, 26, 13);
INSERT INTO `sku_attr_value` VALUES (65, 5, 44, 13);
INSERT INTO `sku_attr_value` VALUES (66, 1, 5, 14);
INSERT INTO `sku_attr_value` VALUES (67, 2, 8, 14);
INSERT INTO `sku_attr_value` VALUES (68, 3, 19, 14);
INSERT INTO `sku_attr_value` VALUES (69, 4, 27, 14);
INSERT INTO `sku_attr_value` VALUES (70, 5, 45, 14);
INSERT INTO `sku_attr_value` VALUES (71, 1, 5, 15);
INSERT INTO `sku_attr_value` VALUES (72, 2, 8, 15);
INSERT INTO `sku_attr_value` VALUES (73, 3, 19, 15);
INSERT INTO `sku_attr_value` VALUES (74, 4, 26, 15);
INSERT INTO `sku_attr_value` VALUES (75, 5, 45, 15);
INSERT INTO `sku_attr_value` VALUES (76, 1, 5, 16);
INSERT INTO `sku_attr_value` VALUES (77, 2, 12, 16);
INSERT INTO `sku_attr_value` VALUES (78, 3, 19, 16);
INSERT INTO `sku_attr_value` VALUES (79, 4, 27, 16);
INSERT INTO `sku_attr_value` VALUES (80, 5, 44, 16);
INSERT INTO `sku_attr_value` VALUES (81, 1, 5, 17);
INSERT INTO `sku_attr_value` VALUES (82, 2, 12, 17);
INSERT INTO `sku_attr_value` VALUES (83, 3, 19, 17);
INSERT INTO `sku_attr_value` VALUES (84, 4, 27, 17);
INSERT INTO `sku_attr_value` VALUES (85, 5, 44, 17);
INSERT INTO `sku_attr_value` VALUES (86, 1, 5, 18);
INSERT INTO `sku_attr_value` VALUES (87, 2, 12, 18);
INSERT INTO `sku_attr_value` VALUES (88, 3, 19, 18);
INSERT INTO `sku_attr_value` VALUES (89, 4, 27, 18);
INSERT INTO `sku_attr_value` VALUES (90, 5, 44, 18);
INSERT INTO `sku_attr_value` VALUES (91, 1, 5, 19);
INSERT INTO `sku_attr_value` VALUES (92, 2, 12, 19);
INSERT INTO `sku_attr_value` VALUES (93, 3, 19, 19);
INSERT INTO `sku_attr_value` VALUES (94, 4, 26, 19);
INSERT INTO `sku_attr_value` VALUES (95, 5, 44, 19);
INSERT INTO `sku_attr_value` VALUES (96, 1, 5, 20);
INSERT INTO `sku_attr_value` VALUES (97, 2, 12, 20);
INSERT INTO `sku_attr_value` VALUES (98, 3, 20, 20);
INSERT INTO `sku_attr_value` VALUES (99, 4, 27, 20);
INSERT INTO `sku_attr_value` VALUES (100, 5, 46, 20);
INSERT INTO `sku_attr_value` VALUES (101, 1, 4, 21);
INSERT INTO `sku_attr_value` VALUES (102, 2, 12, 21);
INSERT INTO `sku_attr_value` VALUES (103, 3, 20, 21);
INSERT INTO `sku_attr_value` VALUES (104, 4, 27, 21);
INSERT INTO `sku_attr_value` VALUES (105, 5, 46, 21);
INSERT INTO `sku_attr_value` VALUES (106, 1, 4, 22);
INSERT INTO `sku_attr_value` VALUES (107, 2, 11, 22);
INSERT INTO `sku_attr_value` VALUES (108, 3, 20, 22);
INSERT INTO `sku_attr_value` VALUES (109, 4, 27, 22);
INSERT INTO `sku_attr_value` VALUES (110, 5, 37, 22);
INSERT INTO `sku_attr_value` VALUES (111, 1, 5, 23);
INSERT INTO `sku_attr_value` VALUES (112, 2, 8, 23);
INSERT INTO `sku_attr_value` VALUES (113, 3, 20, 23);
INSERT INTO `sku_attr_value` VALUES (114, 4, 27, 23);
INSERT INTO `sku_attr_value` VALUES (115, 5, 45, 23);
INSERT INTO `sku_attr_value` VALUES (116, 1, 5, 24);
INSERT INTO `sku_attr_value` VALUES (117, 2, 8, 24);
INSERT INTO `sku_attr_value` VALUES (118, 3, 19, 24);
INSERT INTO `sku_attr_value` VALUES (119, 4, 27, 24);
INSERT INTO `sku_attr_value` VALUES (120, 5, 44, 24);
INSERT INTO `sku_attr_value` VALUES (121, 1, 5, 25);
INSERT INTO `sku_attr_value` VALUES (122, 2, 8, 25);
INSERT INTO `sku_attr_value` VALUES (123, 3, 19, 25);
INSERT INTO `sku_attr_value` VALUES (124, 4, 26, 25);
INSERT INTO `sku_attr_value` VALUES (125, 5, 44, 25);
INSERT INTO `sku_attr_value` VALUES (126, 1, 4, 26);
INSERT INTO `sku_attr_value` VALUES (127, 2, 14, 26);
INSERT INTO `sku_attr_value` VALUES (128, 3, 19, 26);
INSERT INTO `sku_attr_value` VALUES (129, 4, 26, 26);
INSERT INTO `sku_attr_value` VALUES (130, 5, 35, 26);
INSERT INTO `sku_attr_value` VALUES (131, 1, 4, 27);
INSERT INTO `sku_attr_value` VALUES (132, 2, 8, 27);
INSERT INTO `sku_attr_value` VALUES (133, 3, 19, 27);
INSERT INTO `sku_attr_value` VALUES (134, 4, 26, 27);
INSERT INTO `sku_attr_value` VALUES (135, 5, 35, 27);
INSERT INTO `sku_attr_value` VALUES (136, 1, 5, 28);
INSERT INTO `sku_attr_value` VALUES (137, 2, 8, 28);
INSERT INTO `sku_attr_value` VALUES (138, 3, 19, 28);
INSERT INTO `sku_attr_value` VALUES (139, 4, 27, 28);
INSERT INTO `sku_attr_value` VALUES (140, 5, 44, 28);
INSERT INTO `sku_attr_value` VALUES (141, 1, 5, 29);
INSERT INTO `sku_attr_value` VALUES (142, 2, 8, 29);
INSERT INTO `sku_attr_value` VALUES (143, 3, 19, 29);
INSERT INTO `sku_attr_value` VALUES (144, 4, 26, 29);
INSERT INTO `sku_attr_value` VALUES (145, 5, 44, 29);
INSERT INTO `sku_attr_value` VALUES (146, 1, 3, 30);
INSERT INTO `sku_attr_value` VALUES (147, 2, 9, 30);
INSERT INTO `sku_attr_value` VALUES (148, 3, 20, 30);
INSERT INTO `sku_attr_value` VALUES (149, 4, 27, 30);
INSERT INTO `sku_attr_value` VALUES (150, 5, 46, 30);
INSERT INTO `sku_attr_value` VALUES (151, 1, 3, 31);
INSERT INTO `sku_attr_value` VALUES (152, 2, 11, 31);
INSERT INTO `sku_attr_value` VALUES (153, 3, 20, 31);
INSERT INTO `sku_attr_value` VALUES (154, 4, 28, 31);
INSERT INTO `sku_attr_value` VALUES (155, 5, 46, 31);
INSERT INTO `sku_attr_value` VALUES (156, 1, 5, 32);
INSERT INTO `sku_attr_value` VALUES (157, 2, 9, 32);
INSERT INTO `sku_attr_value` VALUES (158, 3, 19, 32);
INSERT INTO `sku_attr_value` VALUES (159, 4, 27, 32);
INSERT INTO `sku_attr_value` VALUES (160, 5, 44, 32);
INSERT INTO `sku_attr_value` VALUES (161, 1, 5, 33);
INSERT INTO `sku_attr_value` VALUES (162, 2, 9, 33);
INSERT INTO `sku_attr_value` VALUES (163, 3, 19, 33);
INSERT INTO `sku_attr_value` VALUES (164, 4, 26, 33);
INSERT INTO `sku_attr_value` VALUES (165, 5, 44, 33);
INSERT INTO `sku_attr_value` VALUES (166, 1, 1, 34);
INSERT INTO `sku_attr_value` VALUES (167, 2, 14, 34);
INSERT INTO `sku_attr_value` VALUES (168, 3, 18, 34);
INSERT INTO `sku_attr_value` VALUES (169, 4, 29, 34);
INSERT INTO `sku_attr_value` VALUES (170, 5, 37, 34);
INSERT INTO `sku_attr_value` VALUES (171, 1, 2, 35);
INSERT INTO `sku_attr_value` VALUES (172, 2, 11, 35);
INSERT INTO `sku_attr_value` VALUES (173, 3, 19, 35);
INSERT INTO `sku_attr_value` VALUES (174, 4, 27, 35);
INSERT INTO `sku_attr_value` VALUES (175, 5, 40, 35);
INSERT INTO `sku_attr_value` VALUES (176, 1, 5, 36);
INSERT INTO `sku_attr_value` VALUES (177, 2, 9, 36);
INSERT INTO `sku_attr_value` VALUES (178, 3, 19, 36);
INSERT INTO `sku_attr_value` VALUES (179, 4, 27, 36);
INSERT INTO `sku_attr_value` VALUES (180, 5, 44, 36);
INSERT INTO `sku_attr_value` VALUES (181, 1, 5, 37);
INSERT INTO `sku_attr_value` VALUES (182, 2, 9, 37);
INSERT INTO `sku_attr_value` VALUES (183, 3, 19, 37);
INSERT INTO `sku_attr_value` VALUES (184, 4, 26, 37);
INSERT INTO `sku_attr_value` VALUES (185, 5, 44, 37);
INSERT INTO `sku_attr_value` VALUES (186, 1, 4, 38);
INSERT INTO `sku_attr_value` VALUES (187, 2, 10, 38);
INSERT INTO `sku_attr_value` VALUES (188, 3, 20, 38);
INSERT INTO `sku_attr_value` VALUES (189, 4, 27, 38);
INSERT INTO `sku_attr_value` VALUES (190, 5, 42, 38);
INSERT INTO `sku_attr_value` VALUES (191, 1, 4, 39);
INSERT INTO `sku_attr_value` VALUES (192, 2, 9, 39);
INSERT INTO `sku_attr_value` VALUES (193, 3, 20, 39);
INSERT INTO `sku_attr_value` VALUES (194, 4, 28, 39);
INSERT INTO `sku_attr_value` VALUES (195, 5, 42, 39);

-- ----------------------------
-- Table structure for sku_image
-- ----------------------------
DROP TABLE IF EXISTS `sku_image`;
CREATE TABLE `sku_image`  (
  `id` bigint(20) NOT NULL AUTO_INCREMENT COMMENT '编号',
  `sku_id` bigint(20) NULL DEFAULT NULL COMMENT '商品id',
  `img_name` varchar(20) CHARACTER SET utf8 COLLATE utf8_general_ci NULL DEFAULT NULL COMMENT '图片名称（冗余）',
  `img_url` varchar(200) CHARACTER SET utf8 COLLATE utf8_general_ci NULL DEFAULT NULL COMMENT '图片路径(冗余)',
  `spu_img_id` bigint(20) NULL DEFAULT NULL COMMENT '商品图片id',
  `is_default` varchar(4000) CHARACTER SET utf8 COLLATE utf8_general_ci NULL DEFAULT NULL COMMENT '是否默认',
  PRIMARY KEY (`id`) USING BTREE
) ENGINE = InnoDB AUTO_INCREMENT = 214 CHARACTER SET = utf8 COLLATE = utf8_general_ci COMMENT = '库存单元图片表' ROW_FORMAT = Dynamic;

-- ----------------------------
-- Records of sku_image
-- ----------------------------
INSERT INTO `sku_image` VALUES (1, 1, '68836f52ffaaad96.jpg', 'http://linux01:8080/group1/M00/00/00/wKjIgF42RLOANO7DAAK_qos4YJU316.jpg', 4, '1');
INSERT INTO `sku_image` VALUES (2, 1, '7c45f7039b9cbae8.jpg', 'http://linux01:8080/group1/M00/00/00/wKjIgF42RLOAB7A2AAM1VjldK8c269.jpg', 5, '0');
INSERT INTO `sku_image` VALUES (3, 1, '08fed8837c92433a.jpg', 'http://linux01:8080/group1/M00/00/00/wKjIgF42RLOAS2AIAAIbO5uH5xk276.jpg', 6, '0');
INSERT INTO `sku_image` VALUES (4, 1, '43a1962b41270d97.jpg', 'http://linux01:8080/group1/M00/00/00/wKjIgF42RLOANgjGAAFU1ohvSUo867.jpg', 7, '0');
INSERT INTO `sku_image` VALUES (5, 1, 'ba9e424060334735.jpg', 'http://linux01:8080/group1/M00/00/00/wKjIgF42RLOAcGv0AAM1VjldK8c594.jpg', 8, '0');
INSERT INTO `sku_image` VALUES (6, 2, '63e862164165f483.jpg', 'http://linux01:8080/group1/M00/00/00/wKjIgF42RLOAd5YSAANTQTjaVjQ819.jpg', 2, '0');
INSERT INTO `sku_image` VALUES (7, 2, '5f7eafcd01dd2304.jpg', 'http://linux01:8080/group1/M00/00/00/wKjIgF42RLOAX6neAAT8_AoEzOU543.jpg', 3, '1');
INSERT INTO `sku_image` VALUES (8, 2, '6a1b2703a9ed8737.jpg', 'http://linux01:8080/group1/M00/00/00/wKjIgF42RLOAG7ZDAAMtnbIgbH8638.jpg', 9, '0');
INSERT INTO `sku_image` VALUES (9, 2, 'e9e1614f99312278.jpg', 'http://linux01:8080/group1/M00/00/00/wKjIgF42RLSAMcwvAAIjJAcu7jI382.jpg', 15, '0');
INSERT INTO `sku_image` VALUES (10, 2, 'e3284f319e256a5d.jpg', 'http://linux01:8080/group1/M00/00/00/wKjIgF42RLSAf2WqAAHG5NpN_9M279.jpg', 16, '0');
INSERT INTO `sku_image` VALUES (11, 2, 'df8c518f319e8059.jpg', 'http://linux01:8080/group1/M00/00/00/wKjIgF42RLSAAHkJAANkkyc3rIg326.jpg', 18, '0');
INSERT INTO `sku_image` VALUES (12, 3, '71bfe752acda0447.jpg', 'http://linux01:8080/group1/M00/00/00/wKjIgF42RLOAVj1SAAL-_TSnnKQ686.jpg', 1, '0');
INSERT INTO `sku_image` VALUES (13, 3, '9ee5c6f51db772d8.jpg', 'http://linux01:8080/group1/M00/00/00/wKjIgF42RLOAfGAHAAMxQjHok_8820.jpg', 11, '0');
INSERT INTO `sku_image` VALUES (14, 3, 'cb6091c9bdcca6d2.jpg', 'http://linux01:8080/group1/M00/00/00/wKjIgF42RLOAKLZaAAHCPr8CeEc729.jpg', 12, '0');
INSERT INTO `sku_image` VALUES (15, 3, 'aab2f2f45cbe6ca0.jpg', 'http://linux01:8080/group1/M00/00/00/wKjIgF42RLOAElEmAATrIT-1J9Q110.jpg', 13, '1');
INSERT INTO `sku_image` VALUES (16, 3, 'd0540e1c348d47af.jpg', 'http://linux01:8080/group1/M00/00/00/wKjIgF42RLSAfl4MAANlhw6-i2s438.jpg', 17, '0');
INSERT INTO `sku_image` VALUES (17, 3, 'dae7f2dc562ebd32.jpg', 'http://linux01:8080/group1/M00/00/00/wKjIgF42RLSASUL1AAIFsR6KQJ4081.jpg', 19, '0');
INSERT INTO `sku_image` VALUES (18, 4, '71bfe752acda0447.jpg', 'http://linux01:8080/group1/M00/00/00/wKjIgF42RLOAVj1SAAL-_TSnnKQ686.jpg', 1, '0');
INSERT INTO `sku_image` VALUES (19, 4, '9ee5c6f51db772d8.jpg', 'http://linux01:8080/group1/M00/00/00/wKjIgF42RLOAfGAHAAMxQjHok_8820.jpg', 11, '0');
INSERT INTO `sku_image` VALUES (20, 4, 'cb6091c9bdcca6d2.jpg', 'http://linux01:8080/group1/M00/00/00/wKjIgF42RLOAKLZaAAHCPr8CeEc729.jpg', 12, '0');
INSERT INTO `sku_image` VALUES (21, 4, 'aab2f2f45cbe6ca0.jpg', 'http://linux01:8080/group1/M00/00/00/wKjIgF42RLOAElEmAATrIT-1J9Q110.jpg', 13, '1');
INSERT INTO `sku_image` VALUES (22, 4, 'd0540e1c348d47af.jpg', 'http://linux01:8080/group1/M00/00/00/wKjIgF42RLSAfl4MAANlhw6-i2s438.jpg', 17, '0');
INSERT INTO `sku_image` VALUES (23, 4, 'dae7f2dc562ebd32.jpg', 'http://linux01:8080/group1/M00/00/00/wKjIgF42RLSASUL1AAIFsR6KQJ4081.jpg', 19, '0');
INSERT INTO `sku_image` VALUES (24, 5, '68836f52ffaaad96.jpg', 'http://linux01:8080/group1/M00/00/00/wKjIgF42RLOANO7DAAK_qos4YJU316.jpg', 4, '1');
INSERT INTO `sku_image` VALUES (25, 5, '7c45f7039b9cbae8.jpg', 'http://linux01:8080/group1/M00/00/00/wKjIgF42RLOAB7A2AAM1VjldK8c269.jpg', 5, '0');
INSERT INTO `sku_image` VALUES (26, 5, '08fed8837c92433a.jpg', 'http://linux01:8080/group1/M00/00/00/wKjIgF42RLOAS2AIAAIbO5uH5xk276.jpg', 6, '0');
INSERT INTO `sku_image` VALUES (27, 5, '43a1962b41270d97.jpg', 'http://linux01:8080/group1/M00/00/00/wKjIgF42RLOANgjGAAFU1ohvSUo867.jpg', 7, '0');
INSERT INTO `sku_image` VALUES (28, 5, 'da3b18358e68cfca.jpg', 'http://linux01:8080/group1/M00/00/00/wKjIgF42RLOAQsFAAAMh04qlip0701.jpg', 10, '0');
INSERT INTO `sku_image` VALUES (29, 6, '63e862164165f483.jpg', 'http://linux01:8080/group1/M00/00/00/wKjIgF42RLOAd5YSAANTQTjaVjQ819.jpg', 2, '0');
INSERT INTO `sku_image` VALUES (30, 6, '5f7eafcd01dd2304.jpg', 'http://linux01:8080/group1/M00/00/00/wKjIgF42RLOAX6neAAT8_AoEzOU543.jpg', 3, '1');
INSERT INTO `sku_image` VALUES (31, 6, '6a1b2703a9ed8737.jpg', 'http://linux01:8080/group1/M00/00/00/wKjIgF42RLOAG7ZDAAMtnbIgbH8638.jpg', 9, '0');
INSERT INTO `sku_image` VALUES (32, 6, 'e3284f319e256a5d.jpg', 'http://linux01:8080/group1/M00/00/00/wKjIgF42RLSAf2WqAAHG5NpN_9M279.jpg', 16, '0');
INSERT INTO `sku_image` VALUES (33, 6, 'e9e1614f99312278.jpg', 'http://linux01:8080/group1/M00/00/00/wKjIgF42RLSAMcwvAAIjJAcu7jI382.jpg', 15, '0');
INSERT INTO `sku_image` VALUES (34, 6, 'df8c518f319e8059.jpg', 'http://linux01:8080/group1/M00/00/00/wKjIgF42RLSAAHkJAANkkyc3rIg326.jpg', 18, '0');
INSERT INTO `sku_image` VALUES (35, 7, 'b7e505db2f240837.jpg', 'http://linux01:8080/group1/M00/00/00/wKjIgF42TsmAVWvnAAP7KGHle6k026.jpg', 23, '0');
INSERT INTO `sku_image` VALUES (36, 7, 'd4fe45cbc1e0b231.jpg', 'http://linux01:8080/group1/M00/00/00/wKjIgF42TsmAbSxAAAXDwLj-o0o013.jpg', 24, '0');
INSERT INTO `sku_image` VALUES (37, 7, 'c1c8bdd1c62b1ae3.jpg', 'http://linux01:8080/group1/M00/00/00/wKjIgF42TsmAd4EqAAgEEBxnrHQ563.jpg', 25, '0');
INSERT INTO `sku_image` VALUES (38, 7, 'ad95ec7acbec8e24.jpg', 'http://linux01:8080/group1/M00/00/00/wKjIgF42TsmABErgAAVT4zj6xjw086.jpg', 27, '0');
INSERT INTO `sku_image` VALUES (39, 7, '4e9924f5f9a516b4.jpg', 'http://linux01:8080/group1/M00/00/00/wKjIgF42TsmAC-OLAAOduv80spo590.jpg', 29, '1');
INSERT INTO `sku_image` VALUES (40, 7, '8fe6389dc26d92c3.jpg', 'http://linux01:8080/group1/M00/00/00/wKjIgF42TsmAZA3MAAegWcR4Uns407.jpg', 30, '0');
INSERT INTO `sku_image` VALUES (41, 7, '92a508ee721879d5.jpg', 'http://linux01:8080/group1/M00/00/00/wKjIgF42TsmADaEpAAt4tcEgVtQ871.jpg', 31, '0');
INSERT INTO `sku_image` VALUES (42, 8, 'b7e505db2f240837.jpg', 'http://linux01:8080/group1/M00/00/00/wKjIgF42TsmAVWvnAAP7KGHle6k026.jpg', 23, '0');
INSERT INTO `sku_image` VALUES (43, 8, 'd4fe45cbc1e0b231.jpg', 'http://linux01:8080/group1/M00/00/00/wKjIgF42TsmAbSxAAAXDwLj-o0o013.jpg', 24, '0');
INSERT INTO `sku_image` VALUES (44, 8, 'c1c8bdd1c62b1ae3.jpg', 'http://linux01:8080/group1/M00/00/00/wKjIgF42TsmAd4EqAAgEEBxnrHQ563.jpg', 25, '0');
INSERT INTO `sku_image` VALUES (45, 8, 'ad95ec7acbec8e24.jpg', 'http://linux01:8080/group1/M00/00/00/wKjIgF42TsmABErgAAVT4zj6xjw086.jpg', 27, '0');
INSERT INTO `sku_image` VALUES (46, 8, '4e9924f5f9a516b4.jpg', 'http://linux01:8080/group1/M00/00/00/wKjIgF42TsmAC-OLAAOduv80spo590.jpg', 29, '1');
INSERT INTO `sku_image` VALUES (47, 8, '8fe6389dc26d92c3.jpg', 'http://linux01:8080/group1/M00/00/00/wKjIgF42TsmAZA3MAAegWcR4Uns407.jpg', 30, '0');
INSERT INTO `sku_image` VALUES (48, 8, '92a508ee721879d5.jpg', 'http://linux01:8080/group1/M00/00/00/wKjIgF42TsmADaEpAAt4tcEgVtQ871.jpg', 31, '0');
INSERT INTO `sku_image` VALUES (49, 9, '2debc304832f91bb.jpg', 'http://linux01:8080/group1/M00/00/00/wKjIgF42TsiAIgOEAAKTDXBawMM400.jpg', 20, '0');
INSERT INTO `sku_image` VALUES (50, 9, '032be1072bde8b82.jpg', 'http://linux01:8080/group1/M00/00/00/wKjIgF42TsmAZc7HAANJjSt4ynk994.jpg', 21, '1');
INSERT INTO `sku_image` VALUES (51, 9, '5c427fea652c1db4.jpg', 'http://linux01:8080/group1/M00/00/00/wKjIgF42TsmAEATeAAp2x3l18hI299.jpg', 22, '0');
INSERT INTO `sku_image` VALUES (52, 9, 'ed84fc94dfb5a0bc.jpg', 'http://linux01:8080/group1/M00/00/00/wKjIgF42TsmAKG7pAAEf_dHHFmg523.jpg', 26, '0');
INSERT INTO `sku_image` VALUES (53, 9, 'dc9ee460a3b9688b.jpg', 'http://linux01:8080/group1/M00/00/00/wKjIgF42TsmAGkZ2AAMDgCVtLhE064.jpg', 28, '0');
INSERT INTO `sku_image` VALUES (54, 10, '2debc304832f91bb.jpg', 'http://linux01:8080/group1/M00/00/00/wKjIgF42TsiAIgOEAAKTDXBawMM400.jpg', 20, '0');
INSERT INTO `sku_image` VALUES (55, 10, '032be1072bde8b82.jpg', 'http://linux01:8080/group1/M00/00/00/wKjIgF42TsmAZc7HAANJjSt4ynk994.jpg', 21, '1');
INSERT INTO `sku_image` VALUES (56, 10, '5c427fea652c1db4.jpg', 'http://linux01:8080/group1/M00/00/00/wKjIgF42TsmAEATeAAp2x3l18hI299.jpg', 22, '0');
INSERT INTO `sku_image` VALUES (57, 10, 'ed84fc94dfb5a0bc.jpg', 'http://linux01:8080/group1/M00/00/00/wKjIgF42TsmAKG7pAAEf_dHHFmg523.jpg', 26, '0');
INSERT INTO `sku_image` VALUES (58, 10, 'dc9ee460a3b9688b.jpg', 'http://linux01:8080/group1/M00/00/00/wKjIgF42TsmAGkZ2AAMDgCVtLhE064.jpg', 28, '0');
INSERT INTO `sku_image` VALUES (59, 11, '1.png', 'http://linux01:8080/group1/M00/00/00/wKjIgF5ueXiEHNjxAAAAACcuFyA920.png', 32, '0');
INSERT INTO `sku_image` VALUES (60, 11, '3.png', 'http://linux01:8080/group1/M00/00/00/wKjIgF5ueXiENvn8AAAAAETiDa8667.png', 33, '0');
INSERT INTO `sku_image` VALUES (61, 11, '4.png', 'http://linux01:8080/group1/M00/00/00/wKjIgF5ueXiEC-K2AAAAAKpkihY684.png', 34, '0');
INSERT INTO `sku_image` VALUES (62, 11, '5.png', 'http://linux01:8080/group1/M00/00/00/wKjIgF5ueXiEXsBAAAAAAFgXhW8411.png', 35, '0');
INSERT INTO `sku_image` VALUES (63, 11, '6.png', 'http://linux01:8080/group1/M00/00/00/wKjIgF5ueXiEYQ0yAAAAAKSk2-k853.png', 36, '1');
INSERT INTO `sku_image` VALUES (64, 11, '2.png', 'http://linux01:8080/group1/M00/00/00/wKjIgF5ueXiEUHynAAAAAHJhDj4191.png', 37, '0');
INSERT INTO `sku_image` VALUES (65, 11, '7.png', 'http://linux01:8080/group1/M00/00/00/wKjIgF5ueXiEG6NsAAAAAHx6uAE780.png', 38, '0');
INSERT INTO `sku_image` VALUES (66, 12, '1.png', 'http://linux01:8080/group1/M00/00/00/wKjIgF5ueXiEHNjxAAAAACcuFyA920.png', 32, '0');
INSERT INTO `sku_image` VALUES (67, 12, '3.png', 'http://linux01:8080/group1/M00/00/00/wKjIgF5ueXiENvn8AAAAAETiDa8667.png', 33, '0');
INSERT INTO `sku_image` VALUES (68, 12, '4.png', 'http://linux01:8080/group1/M00/00/00/wKjIgF5ueXiEC-K2AAAAAKpkihY684.png', 34, '0');
INSERT INTO `sku_image` VALUES (69, 12, '5.png', 'http://linux01:8080/group1/M00/00/00/wKjIgF5ueXiEXsBAAAAAAFgXhW8411.png', 35, '0');
INSERT INTO `sku_image` VALUES (70, 12, '6.png', 'http://linux01:8080/group1/M00/00/00/wKjIgF5ueXiEYQ0yAAAAAKSk2-k853.png', 36, '0');
INSERT INTO `sku_image` VALUES (71, 12, '2.png', 'http://linux01:8080/group1/M00/00/00/wKjIgF5ueXiEUHynAAAAAHJhDj4191.png', 37, '0');
INSERT INTO `sku_image` VALUES (72, 12, '7.png', 'http://linux01:8080/group1/M00/00/00/wKjIgF5ueXiEG6NsAAAAAHx6uAE780.png', 38, '0');
INSERT INTO `sku_image` VALUES (73, 13, '2.png', 'http://linux01:8080/group1/M00/00/00/wKjIgF5ueX6EMwyUAAAAAE4D_C0188.png', 39, '0');
INSERT INTO `sku_image` VALUES (74, 13, '5.png', 'http://linux01:8080/group1/M00/00/00/wKjIgF5ueX6ETcVMAAAAAC2RaeU810.png', 40, '0');
INSERT INTO `sku_image` VALUES (75, 13, '4.png', 'http://linux01:8080/group1/M00/00/00/wKjIgF5ueX6EPcEtAAAAAACnP3w514.png', 41, '0');
INSERT INTO `sku_image` VALUES (76, 13, '1.png', 'http://linux01:8080/group1/M00/00/00/wKjIgF5ueX6EAavAAAAAANgmDQ8744.png', 42, '0');
INSERT INTO `sku_image` VALUES (77, 13, '3.png', 'http://linux01:8080/group1/M00/00/00/wKjIgF5ueX6EIZToAAAAAKulkhI279.png', 43, '1');
INSERT INTO `sku_image` VALUES (78, 14, '1.png', 'http://linux01:8080/group1/M00/00/00/wKjIgF5ueiCEGdvHAAAAACY3A9Q491.png', 44, '1');
INSERT INTO `sku_image` VALUES (79, 14, '3.png', 'http://linux01:8080/group1/M00/00/00/wKjIgF5ueiCEe8yOAAAAADMASLE823.png', 45, '0');
INSERT INTO `sku_image` VALUES (80, 14, '4.png', 'http://linux01:8080/group1/M00/00/00/wKjIgF5ueiuESxM8AAAAAM93W9k244.png', 55, '0');
INSERT INTO `sku_image` VALUES (81, 14, '5.png', 'http://linux01:8080/group1/M00/00/00/wKjIgF5ueiCENsEuAAAAAONbXac373.png', 47, '0');
INSERT INTO `sku_image` VALUES (82, 14, '2.png', 'http://linux01:8080/group1/M00/00/00/wKjIgF5ueiCERHpxAAAAAIwRYKg816.png', 48, '0');
INSERT INTO `sku_image` VALUES (83, 15, '2.png', 'http://linux01:8080/group1/M00/00/00/wKjIgF5ueiWEL0s7AAAAANrzfsE737.png', 49, '0');
INSERT INTO `sku_image` VALUES (84, 15, '4.png', 'http://linux01:8080/group1/M00/00/00/wKjIgF5ueiWEK48vAAAAAAnfeE0862.png', 50, '0');
INSERT INTO `sku_image` VALUES (85, 15, '3.png', 'http://linux01:8080/group1/M00/00/00/wKjIgF5ueiWEE1DWAAAAAPLGmZI803.png', 51, '0');
INSERT INTO `sku_image` VALUES (86, 15, '5.png', 'http://linux01:8080/group1/M00/00/00/wKjIgF5ueiWEHNYDAAAAANWD20w444.png', 52, '0');
INSERT INTO `sku_image` VALUES (87, 15, '1.png', 'http://linux01:8080/group1/M00/00/00/wKjIgF5ueiWEU603AAAAAHTzbJo757.png', 53, '1');
INSERT INTO `sku_image` VALUES (88, 16, '4.png', 'http://linux01:8080/group1/M00/00/01/wKjIgF5viHWEbi3lAAAAAHWy4Cg168.png', 71, '0');
INSERT INTO `sku_image` VALUES (89, 16, '5.png', 'http://linux01:8080/group1/M00/00/01/wKjIgF5viHWEX7BCAAAAAONbXac754.png', 72, '0');
INSERT INTO `sku_image` VALUES (90, 16, '3.png', 'http://linux01:8080/group1/M00/00/01/wKjIgF5viHWEaeSdAAAAADMASLE262.png', 73, '0');
INSERT INTO `sku_image` VALUES (91, 16, '1.png', 'http://linux01:8080/group1/M00/00/01/wKjIgF5viHWEMAqfAAAAACY3A9Q189.png', 74, '1');
INSERT INTO `sku_image` VALUES (92, 16, '2.png', 'http://linux01:8080/group1/M00/00/01/wKjIgF5viHWEFMy0AAAAAIwRYKg337.png', 75, '0');
INSERT INTO `sku_image` VALUES (93, 17, '4.png', 'http://linux01:8080/group1/M00/00/01/wKjIgF5viHWEbi3lAAAAAHWy4Cg168.png', 71, '0');
INSERT INTO `sku_image` VALUES (94, 17, '5.png', 'http://linux01:8080/group1/M00/00/01/wKjIgF5viHWEX7BCAAAAAONbXac754.png', 72, '0');
INSERT INTO `sku_image` VALUES (95, 17, '3.png', 'http://linux01:8080/group1/M00/00/01/wKjIgF5viHWEaeSdAAAAADMASLE262.png', 73, '0');
INSERT INTO `sku_image` VALUES (96, 17, '1.png', 'http://linux01:8080/group1/M00/00/01/wKjIgF5viHWEMAqfAAAAACY3A9Q189.png', 74, '1');
INSERT INTO `sku_image` VALUES (97, 17, '2.png', 'http://linux01:8080/group1/M00/00/01/wKjIgF5viHWEFMy0AAAAAIwRYKg337.png', 75, '0');
INSERT INTO `sku_image` VALUES (98, 18, '2.png', 'http://linux01:8080/group1/M00/00/01/wKjIgF5viHyEV-GnAAAAANrzfsE228.png', 76, '0');
INSERT INTO `sku_image` VALUES (99, 18, '1.png', 'http://linux01:8080/group1/M00/00/01/wKjIgF5viHyECTOoAAAAAHTzbJo415.png', 77, '1');
INSERT INTO `sku_image` VALUES (100, 18, '4.png', 'http://linux01:8080/group1/M00/00/01/wKjIgF5viHyEXsUXAAAAAAnfeE0132.png', 78, '0');
INSERT INTO `sku_image` VALUES (101, 18, '3.png', 'http://linux01:8080/group1/M00/00/01/wKjIgF5viHyEaYreAAAAAPLGmZI117.png', 79, '0');
INSERT INTO `sku_image` VALUES (102, 18, '5.png', 'http://linux01:8080/group1/M00/00/01/wKjIgF5viHyEb3K-AAAAANWD20w998.png', 80, '0');
INSERT INTO `sku_image` VALUES (103, 19, '1.png', 'http://linux01:8080/group1/M00/00/01/wKjIgF5viIKENd9HAAAAAMBMksY142.png', 82, '1');
INSERT INTO `sku_image` VALUES (104, 19, '3.png', 'http://linux01:8080/group1/M00/00/01/wKjIgF5viIKEVzPiAAAAAJMMOPA408.png', 83, '0');
INSERT INTO `sku_image` VALUES (105, 19, '4.png', 'http://linux01:8080/group1/M00/00/01/wKjIgF5viIKETWCyAAAAAM93W9k333.png', 84, '0');
INSERT INTO `sku_image` VALUES (106, 19, '2.png', 'http://linux01:8080/group1/M00/00/01/wKjIgF5viIKEH2olAAAAAA3Op6U385.png', 85, '0');
INSERT INTO `sku_image` VALUES (107, 20, '5.png', 'http://linux01:8080/group1/M00/00/01/wKjIgF5viiqEFlieAAAAAC2RaeU051.png', 93, '0');
INSERT INTO `sku_image` VALUES (108, 20, '3.png', 'http://linux01:8080/group1/M00/00/01/wKjIgF5viiqEIXvuAAAAAKulkhI904.png', 94, '1');
INSERT INTO `sku_image` VALUES (109, 20, '1.png', 'http://linux01:8080/group1/M00/00/01/wKjIgF5viiqEFtN0AAAAANgmDQ8041.png', 95, '0');
INSERT INTO `sku_image` VALUES (110, 20, '4.png', 'http://linux01:8080/group1/M00/00/01/wKjIgF5viiqEduhUAAAAAACnP3w900.png', 96, '0');
INSERT INTO `sku_image` VALUES (111, 20, '2.png', 'http://linux01:8080/group1/M00/00/01/wKjIgF5viiqET-ltAAAAAE4D_C0975.png', 97, '0');
INSERT INTO `sku_image` VALUES (112, 21, '2.png', 'http://linux01:8080/group1/M00/00/01/wKjIgF5viiKEPNV-AAAAAHJhDj4480.png', 86, '0');
INSERT INTO `sku_image` VALUES (113, 21, '1.png', 'http://linux01:8080/group1/M00/00/01/wKjIgF5viiKEaWsFAAAAACcuFyA642.png', 87, '0');
INSERT INTO `sku_image` VALUES (114, 21, '6.png', 'http://linux01:8080/group1/M00/00/01/wKjIgF5viiKEVzGwAAAAAKSk2-k977.png', 88, '1');
INSERT INTO `sku_image` VALUES (115, 21, '3.png', 'http://linux01:8080/group1/M00/00/01/wKjIgF5viiKEQfPGAAAAAETiDa8915.png', 89, '0');
INSERT INTO `sku_image` VALUES (116, 21, '4.png', 'http://linux01:8080/group1/M00/00/01/wKjIgF5viiKEZyfiAAAAAKpkihY080.png', 90, '0');
INSERT INTO `sku_image` VALUES (117, 21, '5.png', 'http://linux01:8080/group1/M00/00/01/wKjIgF5viiKEVnG6AAAAAFgXhW8219.png', 91, '0');
INSERT INTO `sku_image` VALUES (118, 21, '7.png', 'http://linux01:8080/group1/M00/00/01/wKjIgF5viiKEGfJgAAAAAHx6uAE224.png', 92, '0');
INSERT INTO `sku_image` VALUES (119, 22, '2.png', 'http://linux01:8080/group1/M00/00/01/wKjIgF9YtsqENaY9AAAAAHJhDj4042.png', 113, '1');
INSERT INTO `sku_image` VALUES (120, 22, '4.png', 'http://linux01:8080/group1/M00/00/01/wKjIgF9YtsqEbEiyAAAAAKpkihY112.png', 114, '0');
INSERT INTO `sku_image` VALUES (121, 22, '3.png', 'http://linux01:8080/group1/M00/00/01/wKjIgF9YtsqEGq7EAAAAAETiDa8074.png', 116, '0');
INSERT INTO `sku_image` VALUES (122, 22, '5.png', 'http://linux01:8080/group1/M00/00/01/wKjIgF9YtsqELwBdAAAAAFgXhW8669.png', 115, '0');
INSERT INTO `sku_image` VALUES (123, 22, '1.png', 'http://linux01:8080/group1/M00/00/01/wKjIgF9YtsqEff_VAAAAACcuFyA809.png', 117, '0');
INSERT INTO `sku_image` VALUES (124, 22, '6.png', 'http://linux01:8080/group1/M00/00/01/wKjIgF9YtsqEdC8PAAAAAKSk2-k496.png', 118, '0');
INSERT INTO `sku_image` VALUES (125, 22, '7.png', 'http://linux01:8080/group1/M00/00/01/wKjIgF9YtsqEA_RKAAAAAHx6uAE199.png', 119, '0');
INSERT INTO `sku_image` VALUES (126, 23, '2.png', 'http://linux01:8080/group1/M00/00/01/wKjIgF9Yts-EOj9jAAAAAE4D_C0323.png', 120, '0');
INSERT INTO `sku_image` VALUES (127, 23, '3.png', 'http://linux01:8080/group1/M00/00/01/wKjIgF9Yts-Ec9j0AAAAAKulkhI345.png', 121, '1');
INSERT INTO `sku_image` VALUES (128, 23, '4.png', 'http://linux01:8080/group1/M00/00/01/wKjIgF9Yts-EU_-RAAAAAACnP3w293.png', 122, '0');
INSERT INTO `sku_image` VALUES (129, 23, '5.png', 'http://linux01:8080/group1/M00/00/01/wKjIgF9Yts-EBwO8AAAAAC2RaeU184.png', 123, '0');
INSERT INTO `sku_image` VALUES (130, 23, '1.png', 'http://linux01:8080/group1/M00/00/01/wKjIgF9Yts-ES9itAAAAANgmDQ8947.png', 124, '0');
INSERT INTO `sku_image` VALUES (131, 24, '4.png', 'http://linux01:8080/group1/M00/00/01/wKjIgF9Ytk6EEbZsAAAAAAnfeE0173.png', 103, '0');
INSERT INTO `sku_image` VALUES (132, 24, '2.png', 'http://linux01:8080/group1/M00/00/01/wKjIgF9Ytk6EPoxfAAAAANrzfsE692.png', 104, '0');
INSERT INTO `sku_image` VALUES (133, 24, '1.png', 'http://linux01:8080/group1/M00/00/01/wKjIgF9Ytk6EPQnZAAAAAHTzbJo391.png', 105, '1');
INSERT INTO `sku_image` VALUES (134, 24, '5.png', 'http://linux01:8080/group1/M00/00/01/wKjIgF9Ytk6EQmJZAAAAANWD20w189.png', 106, '0');
INSERT INTO `sku_image` VALUES (135, 24, '3.png', 'http://linux01:8080/group1/M00/00/01/wKjIgF9Ytk6EezbnAAAAAPLGmZI713.png', 107, '0');
INSERT INTO `sku_image` VALUES (136, 25, '4.png', 'http://linux01:8080/group1/M00/00/01/wKjIgF9Ytk6EEbZsAAAAAAnfeE0173.png', 103, '0');
INSERT INTO `sku_image` VALUES (137, 25, '2.png', 'http://linux01:8080/group1/M00/00/01/wKjIgF9Ytk6EPoxfAAAAANrzfsE692.png', 104, '0');
INSERT INTO `sku_image` VALUES (138, 25, '1.png', 'http://linux01:8080/group1/M00/00/01/wKjIgF9Ytk6EPQnZAAAAAHTzbJo391.png', 105, '1');
INSERT INTO `sku_image` VALUES (139, 25, '5.png', 'http://linux01:8080/group1/M00/00/01/wKjIgF9Ytk6EQmJZAAAAANWD20w189.png', 106, '0');
INSERT INTO `sku_image` VALUES (140, 25, '3.png', 'http://linux01:8080/group1/M00/00/01/wKjIgF9Ytk6EezbnAAAAAPLGmZI713.png', 107, '0');
INSERT INTO `sku_image` VALUES (141, 26, '2.png', 'http://192.168.200.128:8080/group1/M00/00/02/wKjIgF90asGEd4csAAAAAE4D_C0705.png', 157, '0');
INSERT INTO `sku_image` VALUES (142, 26, '3.png', 'http://192.168.200.128:8080/group1/M00/00/02/wKjIgF90asGEUjS9AAAAAKulkhI074.png', 158, '0');
INSERT INTO `sku_image` VALUES (143, 26, '4.png', 'http://192.168.200.128:8080/group1/M00/00/02/wKjIgF90asGEaHMbAAAAAACnP3w597.png', 159, '0');
INSERT INTO `sku_image` VALUES (144, 26, '5.png', 'http://192.168.200.128:8080/group1/M00/00/02/wKjIgF90asGEAy85AAAAAC2RaeU351.png', 160, '0');
INSERT INTO `sku_image` VALUES (145, 26, '1.png', 'http://192.168.200.128:8080/group1/M00/00/02/wKjIgF90asGEMZEjAAAAANgmDQ8524.png', 161, '1');
INSERT INTO `sku_image` VALUES (146, 27, '2.png', 'http://192.168.200.128:8080/group1/M00/00/02/wKjIgF90aryEPDDJAAAAAHJhDj4818.png', 150, '1');
INSERT INTO `sku_image` VALUES (147, 27, '1.png', 'http://192.168.200.128:8080/group1/M00/00/02/wKjIgF90aryEQ5nsAAAAACcuFyA813.png', 151, '0');
INSERT INTO `sku_image` VALUES (148, 27, '3.png', 'http://192.168.200.128:8080/group1/M00/00/02/wKjIgF90aryET7SsAAAAAETiDa8552.png', 152, '0');
INSERT INTO `sku_image` VALUES (149, 27, '4.png', 'http://192.168.200.128:8080/group1/M00/00/02/wKjIgF90aryEW9d2AAAAAKpkihY082.png', 153, '0');
INSERT INTO `sku_image` VALUES (150, 27, '5.png', 'http://192.168.200.128:8080/group1/M00/00/02/wKjIgF90aryEBYQbAAAAAFgXhW8108.png', 154, '0');
INSERT INTO `sku_image` VALUES (151, 27, '6.png', 'http://192.168.200.128:8080/group1/M00/00/02/wKjIgF90aryEYnwvAAAAAKSk2-k954.png', 155, '0');
INSERT INTO `sku_image` VALUES (152, 27, '7.png', 'http://192.168.200.128:8080/group1/M00/00/02/wKjIgF90aryEMyacAAAAAHx6uAE094.png', 156, '0');
INSERT INTO `sku_image` VALUES (153, 28, '1.png', 'http://192.168.200.128:8080/group1/M00/00/01/wKjIgF90ajWETassAAAAAHTzbJo040.png', 143, '1');
INSERT INTO `sku_image` VALUES (154, 28, '5.png', 'http://192.168.200.128:8080/group1/M00/00/01/wKjIgF90ajWEEP55AAAAANWD20w760.png', 144, '0');
INSERT INTO `sku_image` VALUES (155, 28, '3.png', 'http://192.168.200.128:8080/group1/M00/00/01/wKjIgF90ajWEWUNrAAAAAPLGmZI559.png', 142, '0');
INSERT INTO `sku_image` VALUES (156, 28, '2.png', 'http://192.168.200.128:8080/group1/M00/00/01/wKjIgF90ajWEPhZ0AAAAANrzfsE874.png', 141, '0');
INSERT INTO `sku_image` VALUES (157, 28, '4.png', 'http://192.168.200.128:8080/group1/M00/00/01/wKjIgF90ajWEPJlvAAAAAAnfeE0302.png', 140, '0');
INSERT INTO `sku_image` VALUES (158, 29, '4.png', 'http://192.168.200.128:8080/group1/M00/00/01/wKjIgF90ajWEPJlvAAAAAAnfeE0302.png', 140, '0');
INSERT INTO `sku_image` VALUES (159, 29, '2.png', 'http://192.168.200.128:8080/group1/M00/00/01/wKjIgF90ajWEPhZ0AAAAANrzfsE874.png', 141, '0');
INSERT INTO `sku_image` VALUES (160, 29, '3.png', 'http://192.168.200.128:8080/group1/M00/00/01/wKjIgF90ajWEWUNrAAAAAPLGmZI559.png', 142, '0');
INSERT INTO `sku_image` VALUES (161, 29, '1.png', 'http://192.168.200.128:8080/group1/M00/00/01/wKjIgF90ajWETassAAAAAHTzbJo040.png', 143, '1');
INSERT INTO `sku_image` VALUES (162, 29, '5.png', 'http://192.168.200.128:8080/group1/M00/00/01/wKjIgF90ajWEEP55AAAAANWD20w760.png', 144, '0');
INSERT INTO `sku_image` VALUES (163, 30, '4.png', 'http://192.168.200.128:8080/group1/M00/00/02/wKjIgF-lKCGESPh2AAAAAKpkihY487.png', 167, '0');
INSERT INTO `sku_image` VALUES (164, 30, '6.png', 'http://192.168.200.128:8080/group1/M00/00/02/wKjIgF-lKCGEfFy3AAAAAKSk2-k583.png', 168, '1');
INSERT INTO `sku_image` VALUES (165, 30, '5.png', 'http://192.168.200.128:8080/group1/M00/00/02/wKjIgF-lKCGENsl4AAAAAFgXhW8483.png', 169, '0');
INSERT INTO `sku_image` VALUES (166, 30, '3.png', 'http://192.168.200.128:8080/group1/M00/00/02/wKjIgF-lKCGEdhkyAAAAAETiDa8179.png', 170, '0');
INSERT INTO `sku_image` VALUES (167, 30, '2.png', 'http://192.168.200.128:8080/group1/M00/00/02/wKjIgF-lKCGETr-IAAAAAHJhDj4867.png', 171, '0');
INSERT INTO `sku_image` VALUES (168, 30, '7.png', 'http://192.168.200.128:8080/group1/M00/00/02/wKjIgF-lKCGETWpkAAAAAHx6uAE137.png', 172, '0');
INSERT INTO `sku_image` VALUES (169, 30, '1.png', 'http://192.168.200.128:8080/group1/M00/00/02/wKjIgF-lKCGEPDXdAAAAACcuFyA725.png', 173, '0');
INSERT INTO `sku_image` VALUES (170, 31, '4.png', 'http://192.168.200.128:8080/group1/M00/00/02/wKjIgF-lKCGESPh2AAAAAKpkihY487.png', 167, '0');
INSERT INTO `sku_image` VALUES (171, 31, '6.png', 'http://192.168.200.128:8080/group1/M00/00/02/wKjIgF-lKCGEfFy3AAAAAKSk2-k583.png', 168, '0');
INSERT INTO `sku_image` VALUES (172, 31, '5.png', 'http://192.168.200.128:8080/group1/M00/00/02/wKjIgF-lKCGENsl4AAAAAFgXhW8483.png', 169, '0');
INSERT INTO `sku_image` VALUES (173, 31, '3.png', 'http://192.168.200.128:8080/group1/M00/00/02/wKjIgF-lKCGEdhkyAAAAAETiDa8179.png', 170, '0');
INSERT INTO `sku_image` VALUES (174, 31, '2.png', 'http://192.168.200.128:8080/group1/M00/00/02/wKjIgF-lKCGETr-IAAAAAHJhDj4867.png', 171, '0');
INSERT INTO `sku_image` VALUES (175, 31, '7.png', 'http://192.168.200.128:8080/group1/M00/00/02/wKjIgF-lKCGETWpkAAAAAHx6uAE137.png', 172, '1');
INSERT INTO `sku_image` VALUES (176, 32, '2.png', 'http://192.168.200.128:8080/group1/M00/00/02/wKjIgF-lKPiEceTOAAAAANrzfsE368.png', 184, '0');
INSERT INTO `sku_image` VALUES (177, 32, '4.png', 'http://192.168.200.128:8080/group1/M00/00/02/wKjIgF-lKPiEWSpQAAAAAAnfeE0496.png', 185, '0');
INSERT INTO `sku_image` VALUES (178, 32, '1.png', 'http://192.168.200.128:8080/group1/M00/00/02/wKjIgF-lKPiEGMK6AAAAAHTzbJo059.png', 186, '1');
INSERT INTO `sku_image` VALUES (179, 32, '3.png', 'http://192.168.200.128:8080/group1/M00/00/02/wKjIgF-lKPiEJv0RAAAAAPLGmZI937.png', 187, '0');
INSERT INTO `sku_image` VALUES (180, 32, '5.png', 'http://192.168.200.128:8080/group1/M00/00/02/wKjIgF-lKPiEW6yKAAAAANWD20w908.png', 188, '0');
INSERT INTO `sku_image` VALUES (181, 33, '2.png', 'http://192.168.200.128:8080/group1/M00/00/02/wKjIgF-lKPiEceTOAAAAANrzfsE368.png', 184, '0');
INSERT INTO `sku_image` VALUES (182, 33, '4.png', 'http://192.168.200.128:8080/group1/M00/00/02/wKjIgF-lKPiEWSpQAAAAAAnfeE0496.png', 185, '0');
INSERT INTO `sku_image` VALUES (183, 33, '1.png', 'http://192.168.200.128:8080/group1/M00/00/02/wKjIgF-lKPiEGMK6AAAAAHTzbJo059.png', 186, '1');
INSERT INTO `sku_image` VALUES (184, 33, '3.png', 'http://192.168.200.128:8080/group1/M00/00/02/wKjIgF-lKPiEJv0RAAAAAPLGmZI937.png', 187, '0');
INSERT INTO `sku_image` VALUES (185, 33, '5.png', 'http://192.168.200.128:8080/group1/M00/00/02/wKjIgF-lKPiEW6yKAAAAANWD20w908.png', 188, '0');
INSERT INTO `sku_image` VALUES (194, 36, '3.png', 'http://192.168.200.128:8080/group1/M00/00/02/wKjIgF_HcVuEc0b0AAAAADMASLE200.png', 214, '0');
INSERT INTO `sku_image` VALUES (195, 36, '4.png', 'http://192.168.200.128:8080/group1/M00/00/02/wKjIgF_HcVuENbKNAAAAAHWy4Cg854.png', 215, '0');
INSERT INTO `sku_image` VALUES (196, 36, '5.png', 'http://192.168.200.128:8080/group1/M00/00/02/wKjIgF_HcVuEEufsAAAAAONbXac132.png', 216, '0');
INSERT INTO `sku_image` VALUES (197, 36, '1.png', 'http://192.168.200.128:8080/group1/M00/00/02/wKjIgF_HcVuEbzRTAAAAACY3A9Q680.png', 217, '1');
INSERT INTO `sku_image` VALUES (198, 36, '2.png', 'http://192.168.200.128:8080/group1/M00/00/02/wKjIgF_HcVuEfWzNAAAAAIwRYKg539.png', 218, '0');
INSERT INTO `sku_image` VALUES (199, 37, '3.png', 'http://192.168.200.128:8080/group1/M00/00/02/wKjIgF_HcVuEc0b0AAAAADMASLE200.png', 214, '0');
INSERT INTO `sku_image` VALUES (200, 37, '4.png', 'http://192.168.200.128:8080/group1/M00/00/02/wKjIgF_HcVuENbKNAAAAAHWy4Cg854.png', 215, '0');
INSERT INTO `sku_image` VALUES (201, 37, '5.png', 'http://192.168.200.128:8080/group1/M00/00/02/wKjIgF_HcVuEEufsAAAAAONbXac132.png', 216, '0');
INSERT INTO `sku_image` VALUES (202, 37, '1.png', 'http://192.168.200.128:8080/group1/M00/00/02/wKjIgF_HcVuEbzRTAAAAACY3A9Q680.png', 217, '1');
INSERT INTO `sku_image` VALUES (203, 37, '2.png', 'http://192.168.200.128:8080/group1/M00/00/02/wKjIgF_HcVuEfWzNAAAAAIwRYKg539.png', 218, '0');
INSERT INTO `sku_image` VALUES (204, 38, '2.png', 'http://192.168.200.128:8080/group1/M00/00/02/wKjIgF_HciCEGShvAAAAAE4D_C0816.png', 234, '0');
INSERT INTO `sku_image` VALUES (205, 38, '1.png', 'http://192.168.200.128:8080/group1/M00/00/02/wKjIgF_HciCEbs_xAAAAANgmDQ8058.png', 235, '1');
INSERT INTO `sku_image` VALUES (206, 38, '5.png', 'http://192.168.200.128:8080/group1/M00/00/02/wKjIgF_HciCEXK30AAAAAC2RaeU221.png', 236, '0');
INSERT INTO `sku_image` VALUES (207, 38, '3.png', 'http://192.168.200.128:8080/group1/M00/00/03/wKjIgF_HciCEM8-uAAAAAKulkhI361.png', 237, '0');
INSERT INTO `sku_image` VALUES (208, 38, '4.png', 'http://192.168.200.128:8080/group1/M00/00/03/wKjIgF_HciCEXRCqAAAAAACnP3w083.png', 238, '0');
INSERT INTO `sku_image` VALUES (209, 39, '2.png', 'http://192.168.200.128:8080/group1/M00/00/02/wKjIgF_HciCEGShvAAAAAE4D_C0816.png', 234, '0');
INSERT INTO `sku_image` VALUES (210, 39, '5.png', 'http://192.168.200.128:8080/group1/M00/00/02/wKjIgF_HciCEXK30AAAAAC2RaeU221.png', 236, '0');
INSERT INTO `sku_image` VALUES (211, 39, '3.png', 'http://192.168.200.128:8080/group1/M00/00/03/wKjIgF_HciCEM8-uAAAAAKulkhI361.png', 237, '0');
INSERT INTO `sku_image` VALUES (212, 39, '4.png', 'http://192.168.200.128:8080/group1/M00/00/03/wKjIgF_HciCEXRCqAAAAAACnP3w083.png', 238, '0');
INSERT INTO `sku_image` VALUES (213, 39, '1.png', 'http://192.168.200.128:8080/group1/M00/00/02/wKjIgF_HciCEbs_xAAAAANgmDQ8058.png', 235, '1');

-- ----------------------------
-- Table structure for sku_info
-- ----------------------------
DROP TABLE IF EXISTS `sku_info`;
CREATE TABLE `sku_info`  (
  `id` bigint(20) NOT NULL AUTO_INCREMENT COMMENT '库存id(itemID)',
  `spu_id` bigint(20) NULL DEFAULT NULL COMMENT '商品id',
  `price` decimal(10, 0) NULL DEFAULT NULL COMMENT '价格',
  `sku_name` varchar(200) CHARACTER SET utf8 COLLATE utf8_general_ci NULL DEFAULT NULL COMMENT 'sku名称',
  `sku_desc` varchar(2000) CHARACTER SET utf8 COLLATE utf8_general_ci NULL DEFAULT NULL COMMENT '商品规格描述',
  `weight` decimal(10, 2) NULL DEFAULT NULL COMMENT '重量',
  `tm_id` bigint(20) NULL DEFAULT NULL COMMENT '品牌(冗余)',
  `category3_id` bigint(20) NULL DEFAULT NULL COMMENT '三级分类id（冗余)',
  `sku_default_img` varchar(200) CHARACTER SET utf8 COLLATE utf8_general_ci NULL DEFAULT NULL COMMENT '默认显示图片(冗余)',
  `is_sale` tinyint(3) NOT NULL DEFAULT 0 COMMENT '是否销售（1：是 0：否）',
  PRIMARY KEY (`id`) USING BTREE
) ENGINE = InnoDB AUTO_INCREMENT = 40 CHARACTER SET = utf8 COLLATE = utf8_general_ci COMMENT = '库存单元表' ROW_FORMAT = Dynamic;

-- ----------------------------
-- Records of sku_info
-- ----------------------------
INSERT INTO `sku_info` VALUES (1, 1, 5499, 'Apple iPhone 11 (A2223) 64GB 黑色 移动联通电信4G手机 双卡双待', '主体\n入网型号\nA2223\n品牌\nApple\n产品名称\niPhone 11\n上市年份\n2019年\n上市月份\n9月\n基本信息\n机身颜色\n红色\n机身长度（mm）\n150.9\n机身重量（g）\n194\n机身材质工艺\n以官网信息为准\n机身宽度（mm）\n75.7\n机身材质分类\n玻璃后盖\n机身厚度（mm）\n8.3\n运营商标志或内容\n无', 0.47, 1, 61, 'http://linux01:8080/group1/M00/00/00/wKjIgF42RLOANO7DAAK_qos4YJU316.jpg', 0);
INSERT INTO `sku_info` VALUES (2, 1, 5499, 'Apple iPhone 11 (A2223) 64GB 红色 移动联通电信4G手机 双卡双待', '主体\n入网型号\nA2223\n品牌\nApple\n产品名称\niPhone 11\n上市年份\n2019年\n上市月份\n9月\n基本信息\n机身颜色\n红色\n机身长度（mm）\n150.9\n机身重量（g）\n194\n机身材质工艺\n以官网信息为准\n机身宽度（mm）\n75.7\n机身材质分类\n玻璃后盖\n机身厚度（mm）\n8.3\n运营商标志或内容\n无', 0.47, 1, 61, 'http://linux01:8080/group1/M00/00/00/wKjIgF42RLOAX6neAAT8_AoEzOU543.jpg', 0);
INSERT INTO `sku_info` VALUES (3, 1, 5499, 'Apple iPhone 11 (A2223) 64GB 黄色 移动联通电信4G手机 双卡双待', '主体\n入网型号\nA2223\n品牌\nApple\n产品名称\niPhone 11\n上市年份\n2019年\n上市月份\n9月\n基本信息\n机身颜色\n红色\n机身长度（mm）\n150.9\n机身重量（g）\n194\n机身材质工艺\n以官网信息为准\n机身宽度（mm）\n75.7\n机身材质分类\n玻璃后盖\n机身厚度（mm）\n8.3\n运营商标志或内容\n无', 0.47, 1, 61, 'http://linux01:8080/group1/M00/00/00/wKjIgF42RLOAElEmAATrIT-1J9Q110.jpg', 0);
INSERT INTO `sku_info` VALUES (4, 1, 5999, 'Apple iPhone 11 (A2223) 128GB 黄色 移动联通电信4G手机 双卡双待', '主体\n入网型号\nA2223\n品牌\nApple\n产品名称\niPhone 11\n上市年份\n2019年\n上市月份\n9月\n基本信息\n机身颜色\n红色\n机身长度（mm）\n150.9\n机身重量（g）\n194\n机身材质工艺\n以官网信息为准\n机身宽度（mm）\n75.7\n机身材质分类\n玻璃后盖\n机身厚度（mm）\n8.3\n运营商标志或内容\n无', 0.47, 1, 61, 'http://linux01:8080/group1/M00/00/00/wKjIgF42RLOAElEmAATrIT-1J9Q110.jpg', 0);
INSERT INTO `sku_info` VALUES (5, 1, 5999, 'Apple iPhone 11 (A2223) 128GB 黑色 移动联通电信4G手机 双卡双待', '主体\n入网型号\nA2223\n品牌\nApple\n产品名称\niPhone 11\n上市年份\n2019年\n上市月份\n9月\n基本信息\n机身颜色\n红色\n机身长度（mm）\n150.9\n机身重量（g）\n194\n机身材质工艺\n以官网信息为准\n机身宽度（mm）\n75.7\n机身材质分类\n玻璃后盖\n机身厚度（mm）\n8.3\n运营商标志或内容\n无', 0.47, 1, 61, 'http://linux01:8080/group1/M00/00/00/wKjIgF42RLOANO7DAAK_qos4YJU316.jpg', 0);
INSERT INTO `sku_info` VALUES (6, 1, 5999, 'Apple iPhone 11 (A2223) 128GB 红色 移动联通电信4G手机 双卡双待', '主体\n入网型号\nA2223\n品牌\nApple\n产品名称\niPhone 11\n上市年份\n2019年\n上市月份\n9月\n基本信息\n机身颜色\n红色\n机身长度（mm）\n150.9\n机身重量（g）\n194\n机身材质工艺\n以官网信息为准\n机身宽度（mm）\n75.7\n机身材质分类\n玻璃后盖\n机身厚度（mm）\n8.3\n运营商标志或内容\n无', 0.47, 1, 61, 'http://linux01:8080/group1/M00/00/00/wKjIgF42RLOAX6neAAT8_AoEzOU543.jpg', 0);
INSERT INTO `sku_info` VALUES (7, 2, 3999, '华为 HUAWEI Mate 30 5G 麒麟990 4000万超感光徕卡影像双超级快充8GB+128GB丹霞橙5G全网通游戏手机', '主体\n入网型号\nTAS-AN00\n产品名称\nHUAWEI Mate 30 5G\n上市年份\n2019年\n上市月份\n11月\n基本信息\n机身颜色\n丹霞橙\n机身长度（mm）\n160.8\n机身重量（g）\n196克（含电池） 备注：实际重量依配置、制造工艺、测量方法的不同可能有所差异。\n机身材质工艺\n其他\n机身宽度（mm）\n76.1\n机身材质分类\n其他\n机身厚度（mm）\n9.2\n运营商标志或内容\n无', 0.55, 2, 61, 'http://linux01:8080/group1/M00/00/00/wKjIgF42TsmAC-OLAAOduv80spo590.jpg', 0);
INSERT INTO `sku_info` VALUES (8, 2, 4499, '华为 HUAWEI Mate 30 5G 麒麟990 4000万超感光徕卡影像双超级快充8GB+256GB丹霞橙5G全网通游戏手机', '主体\n入网型号\nTAS-AN00\n产品名称\nHUAWEI Mate 30 5G\n上市年份\n2019年\n上市月份\n11月\n基本信息\n机身颜色\n丹霞橙\n机身长度（mm）\n160.8\n机身重量（g）\n196克（含电池） 备注：实际重量依配置、制造工艺、测量方法的不同可能有所差异。\n机身材质工艺\n其他\n机身宽度（mm）\n76.1\n机身材质分类\n其他\n机身厚度（mm）\n9.2\n运营商标志或内容\n无', 0.55, 2, 61, 'http://linux01:8080/group1/M00/00/00/wKjIgF42TsmAC-OLAAOduv80spo590.jpg', 0);
INSERT INTO `sku_info` VALUES (9, 2, 4499, '华为 HUAWEI Mate 30 5G 麒麟990 4000万超感光徕卡影像双超级快充8GB+256GB亮黑色5G全网通游戏手机', '主体\n入网型号\nTAS-AN00\n产品名称\nHUAWEI Mate 30 5G\n上市年份\n2019年\n上市月份\n11月\n基本信息\n机身颜色\n丹霞橙\n机身长度（mm）\n160.8\n机身重量（g）\n196克（含电池） 备注：实际重量依配置、制造工艺、测量方法的不同可能有所差异。\n机身材质工艺\n其他\n机身宽度（mm）\n76.1\n机身材质分类\n其他\n机身厚度（mm）\n9.2\n运营商标志或内容\n无', 0.55, 2, 61, 'http://linux01:8080/group1/M00/00/00/wKjIgF42TsmAZc7HAANJjSt4ynk994.jpg', 0);
INSERT INTO `sku_info` VALUES (10, 2, 3999, '华为 HUAWEI Mate 30 5G 麒麟990 4000万超感光徕卡影像双超级快充8GB+128GB亮黑色5G全网通游戏手机', '主体\n入网型号\nTAS-AN00\n产品名称\nHUAWEI Mate 30 5G\n上市年份\n2019年\n上市月份\n11月\n基本信息\n机身颜色\n丹霞橙\n机身长度（mm）\n160.8\n机身重量（g）\n196克（含电池） 备注：实际重量依配置、制造工艺、测量方法的不同可能有所差异。\n机身材质工艺\n其他\n机身宽度（mm）\n76.1\n机身材质分类\n其他\n机身厚度（mm）\n9.2\n运营商标志或内容\n无', 0.55, 2, 61, 'http://linux01:8080/group1/M00/00/00/wKjIgF42TsmAZc7HAANJjSt4ynk994.jpg', 0);
INSERT INTO `sku_info` VALUES (11, 3, 1999, 'cc01', '888', 0.57, 4, 61, 'http://linux01:8080/group1/M00/00/00/wKjIgF5ueXiEYQ0yAAAAAKSk2-k853.png', 0);
INSERT INTO `sku_info` VALUES (12, 3, 2999, 'cc02', '877', 0.77, 4, 61, NULL, 0);
INSERT INTO `sku_info` VALUES (13, 3, 2999, 'cc03', '123213', 1.00, 4, 61, 'http://linux01:8080/group1/M00/00/00/wKjIgF5ueX6EIZToAAAAAKulkhI279.png', 0);
INSERT INTO `sku_info` VALUES (14, 4, 2345, 'v001', '56789', 0.88, 2, 61, 'http://linux01:8080/group1/M00/00/00/wKjIgF5ueiCEGdvHAAAAACY3A9Q491.png', 0);
INSERT INTO `sku_info` VALUES (15, 4, 3999, 'v002', '67890', 0.77, 2, 61, 'http://linux01:8080/group1/M00/00/00/wKjIgF5ueiWEU603AAAAAHTzbJo757.png', 0);
INSERT INTO `sku_info` VALUES (16, 6, 3599, '荣耀V30 PRO 李现同款 DXO122分 5G双模 麒麟990 5GSOC芯片 双超级快充 游戏手机8GB+128GB冰岛幻境 双卡双待', '包装清单\n外包装采用塑封，彩盒内标配： 1）手机 x 1； 2）电池（内置）x 1； 3）快速指南 x 1； 4）SuperCharge 充电器 x 1； 5）三包凭证 x 1； 6）Type-C 数据线 x 1； 7）Type-C转3.5mm 耳机转接线 X 1； 8）取卡针 x 1； 9）TPU保护壳 x 1； 10）TP保护膜 （出厂已粘贴）x 1； 11) 荣耀玩机礼包卡；', 0.53, 2, 61, 'http://linux01:8080/group1/M00/00/01/wKjIgF5viHWEMAqfAAAAACY3A9Q189.png', 0);
INSERT INTO `sku_info` VALUES (17, 6, 3599, '荣耀V30 PRO 李现同款 DXO122分 5G双模 麒麟990 5GSOC芯片 双超级快充 游戏手机8GB+128GB冰岛幻境 双卡双待', '不错，很好，good！', 0.53, 2, 61, 'http://linux01:8080/group1/M00/00/01/wKjIgF5viHWEMAqfAAAAACY3A9Q189.png', 0);
INSERT INTO `sku_info` VALUES (18, 6, 3599, '荣耀V30 PRO 李现同款 DXO122分 5G双模 麒麟990 5GSOC芯片 双超级快充 游戏手机8GB+128GB幻夜星河 双卡双待', '颜色真是好看', 0.53, 2, 61, 'http://linux01:8080/group1/M00/00/01/wKjIgF5viHyECTOoAAAAAHTzbJo415.png', 0);
INSERT INTO `sku_info` VALUES (19, 6, 3999, '荣耀V30 PRO 李现同款 DXO122分 5G双模 麒麟990 5GSOC芯片 双超级快充 游戏手机8GB+256GB魅海星蓝 双卡双待', '很好', 0.54, 2, 61, 'http://linux01:8080/group1/M00/00/01/wKjIgF5viIKENd9HAAAAAMBMksY142.png', 0);
INSERT INTO `sku_info` VALUES (20, 7, 2999, '小米cc9手机 仙女渐变色（美图定制版） 6G+128G 全网通', '还可以。', 0.66, 4, 61, 'http://linux01:8080/group1/M00/00/01/wKjIgF5viiqEIXvuAAAAAKulkhI904.png', 0);
INSERT INTO `sku_info` VALUES (21, 7, 1718, '小米cc9手机 深蓝星球（蓝色） 6G+128G 全网通', '很好', 0.57, 4, 61, 'http://linux01:8080/group1/M00/00/01/wKjIgF5viiKEVzGwAAAAAKSk2-k977.png', 0);
INSERT INTO `sku_info` VALUES (22, 9, 1728, '小米cc9手机 深蓝星球（蓝色） 6G+128G 全网通', '不错，很好，good！', 0.63, 4, 61, 'http://linux01:8080/group1/M00/00/01/wKjIgF9YtsqENaY9AAAAAHJhDj4042.png', 1);
INSERT INTO `sku_info` VALUES (23, 9, 2999, '小米cc9手机 仙女渐变色（美图定制版） 6G+128G 全网通', '不错，很好的', 0.66, 4, 61, 'http://linux01:8080/group1/M00/00/01/wKjIgF9Yts-Ec9j0AAAAAKulkhI345.png', 1);
INSERT INTO `sku_info` VALUES (24, 8, 3189, '荣耀V30 PRO DXO122分 5G双模 麒麟990 5GSOC芯片 双超级快充 游戏手机8GB+128GB幻夜星河 双卡双待', '不错，很好', 0.68, 2, 61, 'http://linux01:8080/group1/M00/00/01/wKjIgF9Ytk6EPQnZAAAAAHTzbJo391.png', 1);
INSERT INTO `sku_info` VALUES (25, 8, 3689, '荣耀V30 PRO DXO122分 5G双模 麒麟990 5GSOC芯片 双超级快充 游戏手机8GB+256GB幻夜星河 双卡双待', '不错', 0.88, 2, 61, 'http://linux01:8080/group1/M00/00/01/wKjIgF9Ytk6EPQnZAAAAAHTzbJo391.png', 0);
INSERT INTO `sku_info` VALUES (26, 14, 2188, '小米 CC9 手机 美颜自拍 游戏手机 仙女渐变色（美图定制版） 全网通 8GB+256GB', '还不错。', 0.66, 4, 61, 'http://192.168.200.128:8080/group1/M00/00/02/wKjIgF90asGEMZEjAAAAANgmDQ8524.png', 1);
INSERT INTO `sku_info` VALUES (27, 14, 2699, '小米 CC9 手机 美颜自拍 游戏手机 蓝色（深蓝星球） 全网通 8GB+256GB', '美颜不错。。。', 0.68, 4, 61, 'http://192.168.200.128:8080/group1/M00/00/02/wKjIgF90aryEPDDJAAAAAHJhDj4818.png', 1);
INSERT INTO `sku_info` VALUES (28, 13, 3399, '荣耀V30 PRO DXO122分 5G双模 麒麟990 5GSOC芯片 双超级快充 游戏手机8GB+128GB幻夜星河 双卡双待', '凑合吧。。。', 0.78, 2, 61, 'http://192.168.200.128:8080/group1/M00/00/01/wKjIgF90ajWETassAAAAAHTzbJo040.png', 1);
INSERT INTO `sku_info` VALUES (29, 13, 3699, '荣耀V30 PRO DXO122分 5G双模 麒麟990 5GSOC芯片 双超级快充 游戏手机8GB+256GB幻夜星河 双卡双待', '不错，很好，good！nice！perfect!', 0.88, 2, 61, 'http://192.168.200.128:8080/group1/M00/00/01/wKjIgF90ajWETassAAAAAHTzbJo040.png', 1);
INSERT INTO `sku_info` VALUES (30, 16, 1548, '0522 小米cc9e手机 蓝色（深蓝星球） 6G+128G 全网通', '不错，很好，good! nice! perfect! ', 0.47, 4, 61, 'http://192.168.200.128:8080/group1/M00/00/02/wKjIgF-lKCGEfFy3AAAAAKSk2-k583.png', 1);
INSERT INTO `sku_info` VALUES (31, 16, 1348, '0522 小米cc9e手机 蓝色（深蓝星球） 6G+64G 全网通', '不错，都挺好！就是卡卡卡。。。', 0.46, 4, 61, 'http://192.168.200.128:8080/group1/M00/00/02/wKjIgF-lKCGETWpkAAAAAHx6uAE137.png', 1);
INSERT INTO `sku_info` VALUES (32, 17, 3399, '0522 荣耀V30 PRO 麒麟990 5GSOC芯片 双超级快充 游戏手机8GB+128GB幻夜星河 双卡双待', '比小米好多了！', 0.53, 2, 61, 'http://192.168.200.128:8080/group1/M00/00/02/wKjIgF-lKPiEGMK6AAAAAHTzbJo059.png', 1);
INSERT INTO `sku_info` VALUES (33, 17, 3699, '0522 荣耀V30 PRO 麒麟990 5GSOC芯片 双超级快充 游戏手机8GB+256GB幻夜星河 双卡双待', '相对不赖！一点都不卡...', 0.66, 2, 61, 'http://192.168.200.128:8080/group1/M00/00/02/wKjIgF-lKPiEGMK6AAAAAHTzbJo059.png', 1);
INSERT INTO `sku_info` VALUES (34, 22, 1999, 'tone', 'haha', 0.89, 2, 61, 'http://192.168.200.128:8080/group1/M00/00/02/wKjIgF_HcWCETxFsAAAAAHTzbJo097.png', 0);
INSERT INTO `sku_info` VALUES (35, 22, 1888, 't2', 'hehe', 0.88, 2, 61, 'http://192.168.200.128:8080/group1/M00/00/02/wKjIgF_HcVuENbKNAAAAAHWy4Cg854.png', 0);
INSERT INTO `sku_info` VALUES (36, 22, 3399, '0621 荣耀V30 PRO DXO122分 5G双模 麒麟990 5GSOC芯片 双超级快充 游戏手机8GB+128GB冰岛幻境 双卡双待', '不错，很好，good！nice！perfect!', 0.88, 2, 61, 'http://192.168.200.128:8080/group1/M00/00/02/wKjIgF_HcVuEbzRTAAAAACY3A9Q680.png', 1);
INSERT INTO `sku_info` VALUES (37, 22, 4199, '0621 荣耀V30 PRO DXO122分 5G双模 麒麟990 5GSOC芯片 双超级快充 游戏手机8GB+256GB冰岛幻境 双卡双待', '芯片不好卖了，涨价了。', 0.88, 2, 61, 'http://192.168.200.128:8080/group1/M00/00/02/wKjIgF_HcVuEbzRTAAAAACY3A9Q680.png', 1);
INSERT INTO `sku_info` VALUES (38, 23, 2668, '0621 小米CC9 手机 美图定制版 仙女渐变色 全网通(6G+128G)', '浑身发热......', 0.67, 4, 61, 'http://192.168.200.128:8080/group1/M00/00/02/wKjIgF_HciCEbs_xAAAAANgmDQ8058.png', 1);
INSERT INTO `sku_info` VALUES (39, 23, 1999, '0621 小米CC9 手机 美图定制版 仙女渐变色 全网通(6G+64G)', '全身发抖....', 0.66, 4, 61, 'http://192.168.200.128:8080/group1/M00/00/02/wKjIgF_HciCEbs_xAAAAANgmDQ8058.png', 1);

-- ----------------------------
-- Table structure for sku_sale_attr_value
-- ----------------------------
DROP TABLE IF EXISTS `sku_sale_attr_value`;
CREATE TABLE `sku_sale_attr_value`  (
  `id` bigint(20) NOT NULL AUTO_INCREMENT COMMENT 'id',
  `sku_id` bigint(20) NULL DEFAULT NULL COMMENT '库存单元id',
  `spu_id` int(11) NULL DEFAULT NULL COMMENT 'spu_id(冗余)',
  `sale_attr_value_id` bigint(20) NULL DEFAULT NULL COMMENT '销售属性值id',
  PRIMARY KEY (`id`) USING BTREE
) ENGINE = InnoDB AUTO_INCREMENT = 89 CHARACTER SET = utf8 COLLATE = utf8_general_ci COMMENT = 'sku销售属性值' ROW_FORMAT = Dynamic;

-- ----------------------------
-- Records of sku_sale_attr_value
-- ----------------------------
INSERT INTO `sku_sale_attr_value` VALUES (1, 1, 1, 1);
INSERT INTO `sku_sale_attr_value` VALUES (2, 1, 1, 4);
INSERT INTO `sku_sale_attr_value` VALUES (3, 1, 1, 7);
INSERT INTO `sku_sale_attr_value` VALUES (4, 2, 1, 3);
INSERT INTO `sku_sale_attr_value` VALUES (5, 2, 1, 4);
INSERT INTO `sku_sale_attr_value` VALUES (6, 2, 1, 7);
INSERT INTO `sku_sale_attr_value` VALUES (7, 3, 1, 2);
INSERT INTO `sku_sale_attr_value` VALUES (8, 3, 1, 4);
INSERT INTO `sku_sale_attr_value` VALUES (9, 3, 1, 7);
INSERT INTO `sku_sale_attr_value` VALUES (10, 4, 1, 2);
INSERT INTO `sku_sale_attr_value` VALUES (11, 4, 1, 5);
INSERT INTO `sku_sale_attr_value` VALUES (12, 4, 1, 7);
INSERT INTO `sku_sale_attr_value` VALUES (13, 5, 1, 1);
INSERT INTO `sku_sale_attr_value` VALUES (14, 5, 1, 5);
INSERT INTO `sku_sale_attr_value` VALUES (15, 5, 1, 7);
INSERT INTO `sku_sale_attr_value` VALUES (16, 6, 1, 3);
INSERT INTO `sku_sale_attr_value` VALUES (17, 6, 1, 5);
INSERT INTO `sku_sale_attr_value` VALUES (18, 6, 1, 7);
INSERT INTO `sku_sale_attr_value` VALUES (19, 7, 2, 10);
INSERT INTO `sku_sale_attr_value` VALUES (20, 7, 2, 12);
INSERT INTO `sku_sale_attr_value` VALUES (21, 7, 2, 14);
INSERT INTO `sku_sale_attr_value` VALUES (22, 8, 2, 10);
INSERT INTO `sku_sale_attr_value` VALUES (23, 8, 2, 13);
INSERT INTO `sku_sale_attr_value` VALUES (24, 8, 2, 14);
INSERT INTO `sku_sale_attr_value` VALUES (25, 9, 2, 11);
INSERT INTO `sku_sale_attr_value` VALUES (26, 9, 2, 13);
INSERT INTO `sku_sale_attr_value` VALUES (27, 9, 2, 14);
INSERT INTO `sku_sale_attr_value` VALUES (28, 10, 2, 11);
INSERT INTO `sku_sale_attr_value` VALUES (29, 10, 2, 12);
INSERT INTO `sku_sale_attr_value` VALUES (30, 10, 2, 14);
INSERT INTO `sku_sale_attr_value` VALUES (31, 11, 3, 17);
INSERT INTO `sku_sale_attr_value` VALUES (32, 11, 3, 18);
INSERT INTO `sku_sale_attr_value` VALUES (33, 12, 3, 16);
INSERT INTO `sku_sale_attr_value` VALUES (34, 12, 3, 19);
INSERT INTO `sku_sale_attr_value` VALUES (35, 13, 3, 17);
INSERT INTO `sku_sale_attr_value` VALUES (36, 13, 3, 18);
INSERT INTO `sku_sale_attr_value` VALUES (37, 14, 4, 20);
INSERT INTO `sku_sale_attr_value` VALUES (38, 14, 4, 23);
INSERT INTO `sku_sale_attr_value` VALUES (39, 15, 4, 21);
INSERT INTO `sku_sale_attr_value` VALUES (40, 15, 4, 24);
INSERT INTO `sku_sale_attr_value` VALUES (41, 16, NULL, 29);
INSERT INTO `sku_sale_attr_value` VALUES (42, 16, NULL, 33);
INSERT INTO `sku_sale_attr_value` VALUES (43, 17, 6, 29);
INSERT INTO `sku_sale_attr_value` VALUES (44, 17, 6, 33);
INSERT INTO `sku_sale_attr_value` VALUES (45, 18, 6, 30);
INSERT INTO `sku_sale_attr_value` VALUES (46, 18, 6, 33);
INSERT INTO `sku_sale_attr_value` VALUES (47, 19, 6, 31);
INSERT INTO `sku_sale_attr_value` VALUES (48, 19, 6, 32);
INSERT INTO `sku_sale_attr_value` VALUES (49, 20, 7, 34);
INSERT INTO `sku_sale_attr_value` VALUES (50, 20, 7, 36);
INSERT INTO `sku_sale_attr_value` VALUES (51, 21, 7, 35);
INSERT INTO `sku_sale_attr_value` VALUES (52, 21, 7, 36);
INSERT INTO `sku_sale_attr_value` VALUES (53, 22, 9, 44);
INSERT INTO `sku_sale_attr_value` VALUES (54, 22, 9, 46);
INSERT INTO `sku_sale_attr_value` VALUES (55, 23, 9, 45);
INSERT INTO `sku_sale_attr_value` VALUES (56, 23, 9, 46);
INSERT INTO `sku_sale_attr_value` VALUES (57, 24, 8, 40);
INSERT INTO `sku_sale_attr_value` VALUES (58, 24, 8, 42);
INSERT INTO `sku_sale_attr_value` VALUES (59, 25, 8, 40);
INSERT INTO `sku_sale_attr_value` VALUES (60, 25, 8, 43);
INSERT INTO `sku_sale_attr_value` VALUES (61, 26, 14, 61);
INSERT INTO `sku_sale_attr_value` VALUES (62, 26, 14, 64);
INSERT INTO `sku_sale_attr_value` VALUES (63, 27, 14, 62);
INSERT INTO `sku_sale_attr_value` VALUES (64, 27, 14, 64);
INSERT INTO `sku_sale_attr_value` VALUES (65, 28, 13, 57);
INSERT INTO `sku_sale_attr_value` VALUES (66, 28, 13, 59);
INSERT INTO `sku_sale_attr_value` VALUES (67, 29, 13, 57);
INSERT INTO `sku_sale_attr_value` VALUES (68, 29, 13, 60);
INSERT INTO `sku_sale_attr_value` VALUES (69, 30, 16, 70);
INSERT INTO `sku_sale_attr_value` VALUES (70, 30, 16, 73);
INSERT INTO `sku_sale_attr_value` VALUES (71, 31, 16, 70);
INSERT INTO `sku_sale_attr_value` VALUES (72, 31, 16, 72);
INSERT INTO `sku_sale_attr_value` VALUES (73, 32, 17, 75);
INSERT INTO `sku_sale_attr_value` VALUES (74, 32, 17, 77);
INSERT INTO `sku_sale_attr_value` VALUES (75, 33, 17, 75);
INSERT INTO `sku_sale_attr_value` VALUES (76, 33, 17, 78);
INSERT INTO `sku_sale_attr_value` VALUES (81, 36, 22, 93);
INSERT INTO `sku_sale_attr_value` VALUES (82, 36, 22, 96);
INSERT INTO `sku_sale_attr_value` VALUES (83, 37, 22, 93);
INSERT INTO `sku_sale_attr_value` VALUES (84, 37, 22, 97);
INSERT INTO `sku_sale_attr_value` VALUES (85, 38, 23, 99);
INSERT INTO `sku_sale_attr_value` VALUES (86, 38, 23, 100);
INSERT INTO `sku_sale_attr_value` VALUES (87, 39, 23, 99);
INSERT INTO `sku_sale_attr_value` VALUES (88, 39, 23, 101);

-- ----------------------------
-- Table structure for spu_image
-- ----------------------------
DROP TABLE IF EXISTS `spu_image`;
CREATE TABLE `spu_image`  (
  `id` bigint(20) NOT NULL AUTO_INCREMENT COMMENT '编号',
  `spu_id` bigint(20) NULL DEFAULT NULL COMMENT '商品id',
  `img_name` varchar(200) CHARACTER SET utf8 COLLATE utf8_general_ci NULL DEFAULT NULL COMMENT '图片名称',
  `img_url` varchar(200) CHARACTER SET utf8 COLLATE utf8_general_ci NULL DEFAULT NULL COMMENT '图片路径',
  PRIMARY KEY (`id`) USING BTREE
) ENGINE = InnoDB AUTO_INCREMENT = 239 CHARACTER SET = utf8 COLLATE = utf8_general_ci COMMENT = '商品图片表' ROW_FORMAT = Dynamic;

-- ----------------------------
-- Records of spu_image
-- ----------------------------
INSERT INTO `spu_image` VALUES (1, 1, '71bfe752acda0447.jpg', 'http://linux01:8080/group1/M00/00/00/wKjIgF42RLOAVj1SAAL-_TSnnKQ686.jpg');
INSERT INTO `spu_image` VALUES (2, 1, '63e862164165f483.jpg', 'http://linux01:8080/group1/M00/00/00/wKjIgF42RLOAd5YSAANTQTjaVjQ819.jpg');
INSERT INTO `spu_image` VALUES (3, 1, '5f7eafcd01dd2304.jpg', 'http://linux01:8080/group1/M00/00/00/wKjIgF42RLOAX6neAAT8_AoEzOU543.jpg');
INSERT INTO `spu_image` VALUES (4, 1, '68836f52ffaaad96.jpg', 'http://linux01:8080/group1/M00/00/00/wKjIgF42RLOANO7DAAK_qos4YJU316.jpg');
INSERT INTO `spu_image` VALUES (5, 1, '7c45f7039b9cbae8.jpg', 'http://linux01:8080/group1/M00/00/00/wKjIgF42RLOAB7A2AAM1VjldK8c269.jpg');
INSERT INTO `spu_image` VALUES (6, 1, '08fed8837c92433a.jpg', 'http://linux01:8080/group1/M00/00/00/wKjIgF42RLOAS2AIAAIbO5uH5xk276.jpg');
INSERT INTO `spu_image` VALUES (7, 1, '43a1962b41270d97.jpg', 'http://linux01:8080/group1/M00/00/00/wKjIgF42RLOANgjGAAFU1ohvSUo867.jpg');
INSERT INTO `spu_image` VALUES (8, 1, 'ba9e424060334735.jpg', 'http://linux01:8080/group1/M00/00/00/wKjIgF42RLOAcGv0AAM1VjldK8c594.jpg');
INSERT INTO `spu_image` VALUES (9, 1, '6a1b2703a9ed8737.jpg', 'http://linux01:8080/group1/M00/00/00/wKjIgF42RLOAG7ZDAAMtnbIgbH8638.jpg');
INSERT INTO `spu_image` VALUES (10, 1, 'da3b18358e68cfca.jpg', 'http://linux01:8080/group1/M00/00/00/wKjIgF42RLOAQsFAAAMh04qlip0701.jpg');
INSERT INTO `spu_image` VALUES (11, 1, '9ee5c6f51db772d8.jpg', 'http://linux01:8080/group1/M00/00/00/wKjIgF42RLOAfGAHAAMxQjHok_8820.jpg');
INSERT INTO `spu_image` VALUES (12, 1, 'cb6091c9bdcca6d2.jpg', 'http://linux01:8080/group1/M00/00/00/wKjIgF42RLOAKLZaAAHCPr8CeEc729.jpg');
INSERT INTO `spu_image` VALUES (13, 1, 'aab2f2f45cbe6ca0.jpg', 'http://linux01:8080/group1/M00/00/00/wKjIgF42RLOAElEmAATrIT-1J9Q110.jpg');
INSERT INTO `spu_image` VALUES (14, 1, 'b5ce8282f694f1e3.jpg', 'http://linux01:8080/group1/M00/00/00/wKjIgF42RLOAYqxDAAM1VjldK8c790.jpg');
INSERT INTO `spu_image` VALUES (15, 1, 'e9e1614f99312278.jpg', 'http://linux01:8080/group1/M00/00/00/wKjIgF42RLSAMcwvAAIjJAcu7jI382.jpg');
INSERT INTO `spu_image` VALUES (16, 1, 'e3284f319e256a5d.jpg', 'http://linux01:8080/group1/M00/00/00/wKjIgF42RLSAf2WqAAHG5NpN_9M279.jpg');
INSERT INTO `spu_image` VALUES (17, 1, 'd0540e1c348d47af.jpg', 'http://linux01:8080/group1/M00/00/00/wKjIgF42RLSAfl4MAANlhw6-i2s438.jpg');
INSERT INTO `spu_image` VALUES (18, 1, 'df8c518f319e8059.jpg', 'http://linux01:8080/group1/M00/00/00/wKjIgF42RLSAAHkJAANkkyc3rIg326.jpg');
INSERT INTO `spu_image` VALUES (19, 1, 'dae7f2dc562ebd32.jpg', 'http://linux01:8080/group1/M00/00/00/wKjIgF42RLSASUL1AAIFsR6KQJ4081.jpg');
INSERT INTO `spu_image` VALUES (20, 2, '2debc304832f91bb.jpg', 'http://linux01:8080/group1/M00/00/00/wKjIgF42TsiAIgOEAAKTDXBawMM400.jpg');
INSERT INTO `spu_image` VALUES (21, 2, '032be1072bde8b82.jpg', 'http://linux01:8080/group1/M00/00/00/wKjIgF42TsmAZc7HAANJjSt4ynk994.jpg');
INSERT INTO `spu_image` VALUES (22, 2, '5c427fea652c1db4.jpg', 'http://linux01:8080/group1/M00/00/00/wKjIgF42TsmAEATeAAp2x3l18hI299.jpg');
INSERT INTO `spu_image` VALUES (23, 2, 'b7e505db2f240837.jpg', 'http://linux01:8080/group1/M00/00/00/wKjIgF42TsmAVWvnAAP7KGHle6k026.jpg');
INSERT INTO `spu_image` VALUES (24, 2, 'd4fe45cbc1e0b231.jpg', 'http://linux01:8080/group1/M00/00/00/wKjIgF42TsmAbSxAAAXDwLj-o0o013.jpg');
INSERT INTO `spu_image` VALUES (25, 2, 'c1c8bdd1c62b1ae3.jpg', 'http://linux01:8080/group1/M00/00/00/wKjIgF42TsmAd4EqAAgEEBxnrHQ563.jpg');
INSERT INTO `spu_image` VALUES (26, 2, 'ed84fc94dfb5a0bc.jpg', 'http://linux01:8080/group1/M00/00/00/wKjIgF42TsmAKG7pAAEf_dHHFmg523.jpg');
INSERT INTO `spu_image` VALUES (27, 2, 'ad95ec7acbec8e24.jpg', 'http://linux01:8080/group1/M00/00/00/wKjIgF42TsmABErgAAVT4zj6xjw086.jpg');
INSERT INTO `spu_image` VALUES (28, 2, 'dc9ee460a3b9688b.jpg', 'http://linux01:8080/group1/M00/00/00/wKjIgF42TsmAGkZ2AAMDgCVtLhE064.jpg');
INSERT INTO `spu_image` VALUES (29, 2, '4e9924f5f9a516b4.jpg', 'http://linux01:8080/group1/M00/00/00/wKjIgF42TsmAC-OLAAOduv80spo590.jpg');
INSERT INTO `spu_image` VALUES (30, 2, '8fe6389dc26d92c3.jpg', 'http://linux01:8080/group1/M00/00/00/wKjIgF42TsmAZA3MAAegWcR4Uns407.jpg');
INSERT INTO `spu_image` VALUES (31, 2, '92a508ee721879d5.jpg', 'http://linux01:8080/group1/M00/00/00/wKjIgF42TsmADaEpAAt4tcEgVtQ871.jpg');
INSERT INTO `spu_image` VALUES (32, 3, '1.png', 'http://linux01:8080/group1/M00/00/00/wKjIgF5ueXiEHNjxAAAAACcuFyA920.png');
INSERT INTO `spu_image` VALUES (33, 3, '3.png', 'http://linux01:8080/group1/M00/00/00/wKjIgF5ueXiENvn8AAAAAETiDa8667.png');
INSERT INTO `spu_image` VALUES (34, 3, '4.png', 'http://linux01:8080/group1/M00/00/00/wKjIgF5ueXiEC-K2AAAAAKpkihY684.png');
INSERT INTO `spu_image` VALUES (35, 3, '5.png', 'http://linux01:8080/group1/M00/00/00/wKjIgF5ueXiEXsBAAAAAAFgXhW8411.png');
INSERT INTO `spu_image` VALUES (36, 3, '6.png', 'http://linux01:8080/group1/M00/00/00/wKjIgF5ueXiEYQ0yAAAAAKSk2-k853.png');
INSERT INTO `spu_image` VALUES (37, 3, '2.png', 'http://linux01:8080/group1/M00/00/00/wKjIgF5ueXiEUHynAAAAAHJhDj4191.png');
INSERT INTO `spu_image` VALUES (38, 3, '7.png', 'http://linux01:8080/group1/M00/00/00/wKjIgF5ueXiEG6NsAAAAAHx6uAE780.png');
INSERT INTO `spu_image` VALUES (39, 3, '2.png', 'http://linux01:8080/group1/M00/00/00/wKjIgF5ueX6EMwyUAAAAAE4D_C0188.png');
INSERT INTO `spu_image` VALUES (40, 3, '5.png', 'http://linux01:8080/group1/M00/00/00/wKjIgF5ueX6ETcVMAAAAAC2RaeU810.png');
INSERT INTO `spu_image` VALUES (41, 3, '4.png', 'http://linux01:8080/group1/M00/00/00/wKjIgF5ueX6EPcEtAAAAAACnP3w514.png');
INSERT INTO `spu_image` VALUES (42, 3, '1.png', 'http://linux01:8080/group1/M00/00/00/wKjIgF5ueX6EAavAAAAAANgmDQ8744.png');
INSERT INTO `spu_image` VALUES (43, 3, '3.png', 'http://linux01:8080/group1/M00/00/00/wKjIgF5ueX6EIZToAAAAAKulkhI279.png');
INSERT INTO `spu_image` VALUES (44, 4, '1.png', 'http://linux01:8080/group1/M00/00/00/wKjIgF5ueiCEGdvHAAAAACY3A9Q491.png');
INSERT INTO `spu_image` VALUES (45, 4, '3.png', 'http://linux01:8080/group1/M00/00/00/wKjIgF5ueiCEe8yOAAAAADMASLE823.png');
INSERT INTO `spu_image` VALUES (46, 4, '4.png', 'http://linux01:8080/group1/M00/00/00/wKjIgF5ueiCEFtKDAAAAAHWy4Cg763.png');
INSERT INTO `spu_image` VALUES (47, 4, '5.png', 'http://linux01:8080/group1/M00/00/00/wKjIgF5ueiCENsEuAAAAAONbXac373.png');
INSERT INTO `spu_image` VALUES (48, 4, '2.png', 'http://linux01:8080/group1/M00/00/00/wKjIgF5ueiCERHpxAAAAAIwRYKg816.png');
INSERT INTO `spu_image` VALUES (49, 4, '2.png', 'http://linux01:8080/group1/M00/00/00/wKjIgF5ueiWEL0s7AAAAANrzfsE737.png');
INSERT INTO `spu_image` VALUES (50, 4, '4.png', 'http://linux01:8080/group1/M00/00/00/wKjIgF5ueiWEK48vAAAAAAnfeE0862.png');
INSERT INTO `spu_image` VALUES (51, 4, '3.png', 'http://linux01:8080/group1/M00/00/00/wKjIgF5ueiWEE1DWAAAAAPLGmZI803.png');
INSERT INTO `spu_image` VALUES (52, 4, '5.png', 'http://linux01:8080/group1/M00/00/00/wKjIgF5ueiWEHNYDAAAAANWD20w444.png');
INSERT INTO `spu_image` VALUES (53, 4, '1.png', 'http://linux01:8080/group1/M00/00/00/wKjIgF5ueiWEU603AAAAAHTzbJo757.png');
INSERT INTO `spu_image` VALUES (54, 4, '2.png', 'http://linux01:8080/group1/M00/00/00/wKjIgF5ueiuEY4muAAAAAA3Op6U595.png');
INSERT INTO `spu_image` VALUES (55, 4, '4.png', 'http://linux01:8080/group1/M00/00/00/wKjIgF5ueiuESxM8AAAAAM93W9k244.png');
INSERT INTO `spu_image` VALUES (56, 4, '1.png', 'http://linux01:8080/group1/M00/00/00/wKjIgF5ueiuEU0n3AAAAAMBMksY495.png');
INSERT INTO `spu_image` VALUES (57, 4, '5.png', 'http://linux01:8080/group1/M00/00/00/wKjIgF5ueiuECDAiAAAAAPZjCzw098.png');
INSERT INTO `spu_image` VALUES (58, 4, '3.png', 'http://linux01:8080/group1/M00/00/00/wKjIgF5ueiuELE8dAAAAAJMMOPA031.png');
INSERT INTO `spu_image` VALUES (59, 5, '4.png', 'http://linux01:8080/group1/M00/00/01/wKjIgF5vSVeEJ-jAAAAAAKpkihY566.png');
INSERT INTO `spu_image` VALUES (60, 5, '5.png', 'http://linux01:8080/group1/M00/00/01/wKjIgF5vSVeEDQTQAAAAAFgXhW8279.png');
INSERT INTO `spu_image` VALUES (61, 5, '6.png', 'http://linux01:8080/group1/M00/00/01/wKjIgF5vSVeEYJUmAAAAAKSk2-k719.png');
INSERT INTO `spu_image` VALUES (62, 5, '2.png', 'http://linux01:8080/group1/M00/00/01/wKjIgF5vSVeEKx_KAAAAAHJhDj4017.png');
INSERT INTO `spu_image` VALUES (63, 5, '1.png', 'http://linux01:8080/group1/M00/00/01/wKjIgF5vSVeEOjtrAAAAACcuFyA551.png');
INSERT INTO `spu_image` VALUES (64, 5, '7.png', 'http://linux01:8080/group1/M00/00/01/wKjIgF5vSVeETeO9AAAAAHx6uAE495.png');
INSERT INTO `spu_image` VALUES (65, 5, '3.png', 'http://linux01:8080/group1/M00/00/01/wKjIgF5vSVeETrCYAAAAAETiDa8102.png');
INSERT INTO `spu_image` VALUES (66, 5, '3.png', 'http://linux01:8080/group1/M00/00/01/wKjIgF5vSXaEdEwhAAAAAKulkhI476.png');
INSERT INTO `spu_image` VALUES (67, 5, '2.png', 'http://linux01:8080/group1/M00/00/01/wKjIgF5vSXaEBRzAAAAAAE4D_C0349.png');
INSERT INTO `spu_image` VALUES (68, 5, '1.png', 'http://linux01:8080/group1/M00/00/01/wKjIgF5vSXaEVVg1AAAAANgmDQ8697.png');
INSERT INTO `spu_image` VALUES (69, 5, '4.png', 'http://linux01:8080/group1/M00/00/01/wKjIgF5vSXaEQyr1AAAAAACnP3w684.png');
INSERT INTO `spu_image` VALUES (70, 5, '5.png', 'http://linux01:8080/group1/M00/00/01/wKjIgF5vSXaEVPdZAAAAAC2RaeU530.png');
INSERT INTO `spu_image` VALUES (71, 6, '4.png', 'http://linux01:8080/group1/M00/00/01/wKjIgF5viHWEbi3lAAAAAHWy4Cg168.png');
INSERT INTO `spu_image` VALUES (72, 6, '5.png', 'http://linux01:8080/group1/M00/00/01/wKjIgF5viHWEX7BCAAAAAONbXac754.png');
INSERT INTO `spu_image` VALUES (73, 6, '3.png', 'http://linux01:8080/group1/M00/00/01/wKjIgF5viHWEaeSdAAAAADMASLE262.png');
INSERT INTO `spu_image` VALUES (74, 6, '1.png', 'http://linux01:8080/group1/M00/00/01/wKjIgF5viHWEMAqfAAAAACY3A9Q189.png');
INSERT INTO `spu_image` VALUES (75, 6, '2.png', 'http://linux01:8080/group1/M00/00/01/wKjIgF5viHWEFMy0AAAAAIwRYKg337.png');
INSERT INTO `spu_image` VALUES (76, 6, '2.png', 'http://linux01:8080/group1/M00/00/01/wKjIgF5viHyEV-GnAAAAANrzfsE228.png');
INSERT INTO `spu_image` VALUES (77, 6, '1.png', 'http://linux01:8080/group1/M00/00/01/wKjIgF5viHyECTOoAAAAAHTzbJo415.png');
INSERT INTO `spu_image` VALUES (78, 6, '4.png', 'http://linux01:8080/group1/M00/00/01/wKjIgF5viHyEXsUXAAAAAAnfeE0132.png');
INSERT INTO `spu_image` VALUES (79, 6, '3.png', 'http://linux01:8080/group1/M00/00/01/wKjIgF5viHyEaYreAAAAAPLGmZI117.png');
INSERT INTO `spu_image` VALUES (80, 6, '5.png', 'http://linux01:8080/group1/M00/00/01/wKjIgF5viHyEb3K-AAAAANWD20w998.png');
INSERT INTO `spu_image` VALUES (81, 6, '5.png', 'http://linux01:8080/group1/M00/00/01/wKjIgF5viIKEQSLxAAAAAPZjCzw890.png');
INSERT INTO `spu_image` VALUES (82, 6, '1.png', 'http://linux01:8080/group1/M00/00/01/wKjIgF5viIKENd9HAAAAAMBMksY142.png');
INSERT INTO `spu_image` VALUES (83, 6, '3.png', 'http://linux01:8080/group1/M00/00/01/wKjIgF5viIKEVzPiAAAAAJMMOPA408.png');
INSERT INTO `spu_image` VALUES (84, 6, '4.png', 'http://linux01:8080/group1/M00/00/01/wKjIgF5viIKETWCyAAAAAM93W9k333.png');
INSERT INTO `spu_image` VALUES (85, 6, '2.png', 'http://linux01:8080/group1/M00/00/01/wKjIgF5viIKEH2olAAAAAA3Op6U385.png');
INSERT INTO `spu_image` VALUES (86, 7, '2.png', 'http://linux01:8080/group1/M00/00/01/wKjIgF5viiKEPNV-AAAAAHJhDj4480.png');
INSERT INTO `spu_image` VALUES (87, 7, '1.png', 'http://linux01:8080/group1/M00/00/01/wKjIgF5viiKEaWsFAAAAACcuFyA642.png');
INSERT INTO `spu_image` VALUES (88, 7, '6.png', 'http://linux01:8080/group1/M00/00/01/wKjIgF5viiKEVzGwAAAAAKSk2-k977.png');
INSERT INTO `spu_image` VALUES (89, 7, '3.png', 'http://linux01:8080/group1/M00/00/01/wKjIgF5viiKEQfPGAAAAAETiDa8915.png');
INSERT INTO `spu_image` VALUES (90, 7, '4.png', 'http://linux01:8080/group1/M00/00/01/wKjIgF5viiKEZyfiAAAAAKpkihY080.png');
INSERT INTO `spu_image` VALUES (91, 7, '5.png', 'http://linux01:8080/group1/M00/00/01/wKjIgF5viiKEVnG6AAAAAFgXhW8219.png');
INSERT INTO `spu_image` VALUES (92, 7, '7.png', 'http://linux01:8080/group1/M00/00/01/wKjIgF5viiKEGfJgAAAAAHx6uAE224.png');
INSERT INTO `spu_image` VALUES (93, 7, '5.png', 'http://linux01:8080/group1/M00/00/01/wKjIgF5viiqEFlieAAAAAC2RaeU051.png');
INSERT INTO `spu_image` VALUES (94, 7, '3.png', 'http://linux01:8080/group1/M00/00/01/wKjIgF5viiqEIXvuAAAAAKulkhI904.png');
INSERT INTO `spu_image` VALUES (95, 7, '1.png', 'http://linux01:8080/group1/M00/00/01/wKjIgF5viiqEFtN0AAAAANgmDQ8041.png');
INSERT INTO `spu_image` VALUES (96, 7, '4.png', 'http://linux01:8080/group1/M00/00/01/wKjIgF5viiqEduhUAAAAAACnP3w900.png');
INSERT INTO `spu_image` VALUES (97, 7, '2.png', 'http://linux01:8080/group1/M00/00/01/wKjIgF5viiqET-ltAAAAAE4D_C0975.png');
INSERT INTO `spu_image` VALUES (98, 8, '1.png', 'http://linux01:8080/group1/M00/00/01/wKjIgF9YtjeEKWYjAAAAACY3A9Q346.png');
INSERT INTO `spu_image` VALUES (99, 8, '2.png', 'http://linux01:8080/group1/M00/00/01/wKjIgF9YtjeEUwISAAAAAIwRYKg450.png');
INSERT INTO `spu_image` VALUES (100, 8, '3.png', 'http://linux01:8080/group1/M00/00/01/wKjIgF9YtkeEDpw6AAAAADMASLE787.png');
INSERT INTO `spu_image` VALUES (101, 8, '4.png', 'http://linux01:8080/group1/M00/00/01/wKjIgF9YtkeEaThKAAAAAHWy4Cg231.png');
INSERT INTO `spu_image` VALUES (102, 8, '5.png', 'http://linux01:8080/group1/M00/00/01/wKjIgF9YtkeELVuoAAAAAONbXac355.png');
INSERT INTO `spu_image` VALUES (103, 8, '4.png', 'http://linux01:8080/group1/M00/00/01/wKjIgF9Ytk6EEbZsAAAAAAnfeE0173.png');
INSERT INTO `spu_image` VALUES (104, 8, '2.png', 'http://linux01:8080/group1/M00/00/01/wKjIgF9Ytk6EPoxfAAAAANrzfsE692.png');
INSERT INTO `spu_image` VALUES (105, 8, '1.png', 'http://linux01:8080/group1/M00/00/01/wKjIgF9Ytk6EPQnZAAAAAHTzbJo391.png');
INSERT INTO `spu_image` VALUES (106, 8, '5.png', 'http://linux01:8080/group1/M00/00/01/wKjIgF9Ytk6EQmJZAAAAANWD20w189.png');
INSERT INTO `spu_image` VALUES (107, 8, '3.png', 'http://linux01:8080/group1/M00/00/01/wKjIgF9Ytk6EezbnAAAAAPLGmZI713.png');
INSERT INTO `spu_image` VALUES (108, 8, '4.png', 'http://linux01:8080/group1/M00/00/01/wKjIgF9YtleEBIXvAAAAAM93W9k358.png');
INSERT INTO `spu_image` VALUES (109, 8, '2.png', 'http://linux01:8080/group1/M00/00/01/wKjIgF9YtleEMio0AAAAAA3Op6U982.png');
INSERT INTO `spu_image` VALUES (110, 8, '1.png', 'http://linux01:8080/group1/M00/00/01/wKjIgF9YtleETVtuAAAAAMBMksY478.png');
INSERT INTO `spu_image` VALUES (111, 8, '3.png', 'http://linux01:8080/group1/M00/00/01/wKjIgF9YtleEAOfmAAAAAJMMOPA504.png');
INSERT INTO `spu_image` VALUES (112, 8, '5.png', 'http://linux01:8080/group1/M00/00/01/wKjIgF9YtleEWn9PAAAAAPZjCzw251.png');
INSERT INTO `spu_image` VALUES (113, 9, '2.png', 'http://linux01:8080/group1/M00/00/01/wKjIgF9YtsqENaY9AAAAAHJhDj4042.png');
INSERT INTO `spu_image` VALUES (114, 9, '4.png', 'http://linux01:8080/group1/M00/00/01/wKjIgF9YtsqEbEiyAAAAAKpkihY112.png');
INSERT INTO `spu_image` VALUES (115, 9, '5.png', 'http://linux01:8080/group1/M00/00/01/wKjIgF9YtsqELwBdAAAAAFgXhW8669.png');
INSERT INTO `spu_image` VALUES (116, 9, '3.png', 'http://linux01:8080/group1/M00/00/01/wKjIgF9YtsqEGq7EAAAAAETiDa8074.png');
INSERT INTO `spu_image` VALUES (117, 9, '1.png', 'http://linux01:8080/group1/M00/00/01/wKjIgF9YtsqEff_VAAAAACcuFyA809.png');
INSERT INTO `spu_image` VALUES (118, 9, '6.png', 'http://linux01:8080/group1/M00/00/01/wKjIgF9YtsqEdC8PAAAAAKSk2-k496.png');
INSERT INTO `spu_image` VALUES (119, 9, '7.png', 'http://linux01:8080/group1/M00/00/01/wKjIgF9YtsqEA_RKAAAAAHx6uAE199.png');
INSERT INTO `spu_image` VALUES (120, 9, '2.png', 'http://linux01:8080/group1/M00/00/01/wKjIgF9Yts-EOj9jAAAAAE4D_C0323.png');
INSERT INTO `spu_image` VALUES (121, 9, '3.png', 'http://linux01:8080/group1/M00/00/01/wKjIgF9Yts-Ec9j0AAAAAKulkhI345.png');
INSERT INTO `spu_image` VALUES (122, 9, '4.png', 'http://linux01:8080/group1/M00/00/01/wKjIgF9Yts-EU_-RAAAAAACnP3w293.png');
INSERT INTO `spu_image` VALUES (123, 9, '5.png', 'http://linux01:8080/group1/M00/00/01/wKjIgF9Yts-EBwO8AAAAAC2RaeU184.png');
INSERT INTO `spu_image` VALUES (124, 9, '1.png', 'http://linux01:8080/group1/M00/00/01/wKjIgF9Yts-ES9itAAAAANgmDQ8947.png');
INSERT INTO `spu_image` VALUES (125, 10, '4.png', 'http://192.168.200.128:8080/group1/M00/00/01/wKjIgF90XEaEPh2tAAAAAHWy4Cg131.png');
INSERT INTO `spu_image` VALUES (126, 10, '2.png', 'http://192.168.200.128:8080/group1/M00/00/01/wKjIgF90XEaEJqo_AAAAAIwRYKg471.png');
INSERT INTO `spu_image` VALUES (127, 10, '3.png', 'http://192.168.200.128:8080/group1/M00/00/01/wKjIgF90XEaEY22kAAAAADMASLE352.png');
INSERT INTO `spu_image` VALUES (128, 10, '5.png', 'http://192.168.200.128:8080/group1/M00/00/01/wKjIgF90XEaEdgGqAAAAAONbXac980.png');
INSERT INTO `spu_image` VALUES (129, 10, '1.png', 'http://192.168.200.128:8080/group1/M00/00/01/wKjIgF90XEaEKbk2AAAAACY3A9Q736.png');
INSERT INTO `spu_image` VALUES (130, 12, '4.png', 'http://192.168.200.128:8080/group1/M00/00/01/wKjIgF90X1KEfWAtAAAAAAnfeE0694.png');
INSERT INTO `spu_image` VALUES (131, 12, '3.png', 'http://192.168.200.128:8080/group1/M00/00/01/wKjIgF90X1KEHp9iAAAAAPLGmZI564.png');
INSERT INTO `spu_image` VALUES (132, 12, '2.png', 'http://192.168.200.128:8080/group1/M00/00/01/wKjIgF90X1KEWVmJAAAAANrzfsE818.png');
INSERT INTO `spu_image` VALUES (133, 12, '1.png', 'http://192.168.200.128:8080/group1/M00/00/01/wKjIgF90X1KEI_YqAAAAAHTzbJo079.png');
INSERT INTO `spu_image` VALUES (134, 12, '5.png', 'http://192.168.200.128:8080/group1/M00/00/01/wKjIgF90X1KEOdYvAAAAANWD20w107.png');
INSERT INTO `spu_image` VALUES (135, 13, '2.png', 'http://192.168.200.128:8080/group1/M00/00/01/wKjIgF90ai-EWY2qAAAAAIwRYKg421.png');
INSERT INTO `spu_image` VALUES (136, 13, '4.png', 'http://192.168.200.128:8080/group1/M00/00/01/wKjIgF90ai-ETPk_AAAAAHWy4Cg371.png');
INSERT INTO `spu_image` VALUES (137, 13, '5.png', 'http://192.168.200.128:8080/group1/M00/00/01/wKjIgF90ai-EPtb1AAAAAONbXac041.png');
INSERT INTO `spu_image` VALUES (138, 13, '1.png', 'http://192.168.200.128:8080/group1/M00/00/01/wKjIgF90ai-Eb3BGAAAAACY3A9Q378.png');
INSERT INTO `spu_image` VALUES (139, 13, '3.png', 'http://192.168.200.128:8080/group1/M00/00/01/wKjIgF90ajCEC9kUAAAAADMASLE623.png');
INSERT INTO `spu_image` VALUES (140, 13, '4.png', 'http://192.168.200.128:8080/group1/M00/00/01/wKjIgF90ajWEPJlvAAAAAAnfeE0302.png');
INSERT INTO `spu_image` VALUES (141, 13, '2.png', 'http://192.168.200.128:8080/group1/M00/00/01/wKjIgF90ajWEPhZ0AAAAANrzfsE874.png');
INSERT INTO `spu_image` VALUES (142, 13, '3.png', 'http://192.168.200.128:8080/group1/M00/00/01/wKjIgF90ajWEWUNrAAAAAPLGmZI559.png');
INSERT INTO `spu_image` VALUES (143, 13, '1.png', 'http://192.168.200.128:8080/group1/M00/00/01/wKjIgF90ajWETassAAAAAHTzbJo040.png');
INSERT INTO `spu_image` VALUES (144, 13, '5.png', 'http://192.168.200.128:8080/group1/M00/00/01/wKjIgF90ajWEEP55AAAAANWD20w760.png');
INSERT INTO `spu_image` VALUES (145, 13, '4.png', 'http://192.168.200.128:8080/group1/M00/00/02/wKjIgF90ajuET3GlAAAAAM93W9k006.png');
INSERT INTO `spu_image` VALUES (146, 13, '3.png', 'http://192.168.200.128:8080/group1/M00/00/02/wKjIgF90ajuELKKJAAAAAJMMOPA533.png');
INSERT INTO `spu_image` VALUES (147, 13, '1.png', 'http://192.168.200.128:8080/group1/M00/00/02/wKjIgF90ajuEF7w3AAAAAMBMksY949.png');
INSERT INTO `spu_image` VALUES (148, 13, '2.png', 'http://192.168.200.128:8080/group1/M00/00/02/wKjIgF90ajuEGHbwAAAAAA3Op6U387.png');
INSERT INTO `spu_image` VALUES (149, 13, '5.png', 'http://192.168.200.128:8080/group1/M00/00/02/wKjIgF90ajuEGkhNAAAAAPZjCzw810.png');
INSERT INTO `spu_image` VALUES (150, 14, '2.png', 'http://192.168.200.128:8080/group1/M00/00/02/wKjIgF90aryEPDDJAAAAAHJhDj4818.png');
INSERT INTO `spu_image` VALUES (151, 14, '1.png', 'http://192.168.200.128:8080/group1/M00/00/02/wKjIgF90aryEQ5nsAAAAACcuFyA813.png');
INSERT INTO `spu_image` VALUES (152, 14, '3.png', 'http://192.168.200.128:8080/group1/M00/00/02/wKjIgF90aryET7SsAAAAAETiDa8552.png');
INSERT INTO `spu_image` VALUES (153, 14, '4.png', 'http://192.168.200.128:8080/group1/M00/00/02/wKjIgF90aryEW9d2AAAAAKpkihY082.png');
INSERT INTO `spu_image` VALUES (154, 14, '5.png', 'http://192.168.200.128:8080/group1/M00/00/02/wKjIgF90aryEBYQbAAAAAFgXhW8108.png');
INSERT INTO `spu_image` VALUES (155, 14, '6.png', 'http://192.168.200.128:8080/group1/M00/00/02/wKjIgF90aryEYnwvAAAAAKSk2-k954.png');
INSERT INTO `spu_image` VALUES (156, 14, '7.png', 'http://192.168.200.128:8080/group1/M00/00/02/wKjIgF90aryEMyacAAAAAHx6uAE094.png');
INSERT INTO `spu_image` VALUES (157, 14, '2.png', 'http://192.168.200.128:8080/group1/M00/00/02/wKjIgF90asGEd4csAAAAAE4D_C0705.png');
INSERT INTO `spu_image` VALUES (158, 14, '3.png', 'http://192.168.200.128:8080/group1/M00/00/02/wKjIgF90asGEUjS9AAAAAKulkhI074.png');
INSERT INTO `spu_image` VALUES (159, 14, '4.png', 'http://192.168.200.128:8080/group1/M00/00/02/wKjIgF90asGEaHMbAAAAAACnP3w597.png');
INSERT INTO `spu_image` VALUES (160, 14, '5.png', 'http://192.168.200.128:8080/group1/M00/00/02/wKjIgF90asGEAy85AAAAAC2RaeU351.png');
INSERT INTO `spu_image` VALUES (161, 14, '1.png', 'http://192.168.200.128:8080/group1/M00/00/02/wKjIgF90asGEMZEjAAAAANgmDQ8524.png');
INSERT INTO `spu_image` VALUES (162, 15, '4.png', 'http://192.168.200.128:8080/group1/M00/00/02/wKjIgF-lG_mEJ1SgAAAAAHWy4Cg993.png');
INSERT INTO `spu_image` VALUES (163, 15, '3.png', 'http://192.168.200.128:8080/group1/M00/00/02/wKjIgF-lG_mEHTG3AAAAADMASLE817.png');
INSERT INTO `spu_image` VALUES (164, 15, '1.png', 'http://192.168.200.128:8080/group1/M00/00/02/wKjIgF-lG_mEfe-XAAAAACY3A9Q846.png');
INSERT INTO `spu_image` VALUES (165, 15, '2.png', 'http://192.168.200.128:8080/group1/M00/00/02/wKjIgF-lG_mER6l_AAAAAIwRYKg673.png');
INSERT INTO `spu_image` VALUES (166, 15, '5.png', 'http://192.168.200.128:8080/group1/M00/00/02/wKjIgF-lG_mEd0fhAAAAAONbXac332.png');
INSERT INTO `spu_image` VALUES (167, 16, '4.png', 'http://192.168.200.128:8080/group1/M00/00/02/wKjIgF-lKCGESPh2AAAAAKpkihY487.png');
INSERT INTO `spu_image` VALUES (168, 16, '6.png', 'http://192.168.200.128:8080/group1/M00/00/02/wKjIgF-lKCGEfFy3AAAAAKSk2-k583.png');
INSERT INTO `spu_image` VALUES (169, 16, '5.png', 'http://192.168.200.128:8080/group1/M00/00/02/wKjIgF-lKCGENsl4AAAAAFgXhW8483.png');
INSERT INTO `spu_image` VALUES (170, 16, '3.png', 'http://192.168.200.128:8080/group1/M00/00/02/wKjIgF-lKCGEdhkyAAAAAETiDa8179.png');
INSERT INTO `spu_image` VALUES (171, 16, '2.png', 'http://192.168.200.128:8080/group1/M00/00/02/wKjIgF-lKCGETr-IAAAAAHJhDj4867.png');
INSERT INTO `spu_image` VALUES (172, 16, '7.png', 'http://192.168.200.128:8080/group1/M00/00/02/wKjIgF-lKCGETWpkAAAAAHx6uAE137.png');
INSERT INTO `spu_image` VALUES (173, 16, '1.png', 'http://192.168.200.128:8080/group1/M00/00/02/wKjIgF-lKCGEPDXdAAAAACcuFyA725.png');
INSERT INTO `spu_image` VALUES (174, 16, '2.png', 'http://192.168.200.128:8080/group1/M00/00/02/wKjIgF-lKCqEQXOtAAAAAE4D_C0857.png');
INSERT INTO `spu_image` VALUES (175, 16, '4.png', 'http://192.168.200.128:8080/group1/M00/00/02/wKjIgF-lKCqEPg5AAAAAAACnP3w477.png');
INSERT INTO `spu_image` VALUES (176, 16, '5.png', 'http://192.168.200.128:8080/group1/M00/00/02/wKjIgF-lKCqEFED3AAAAAC2RaeU253.png');
INSERT INTO `spu_image` VALUES (177, 16, '3.png', 'http://192.168.200.128:8080/group1/M00/00/02/wKjIgF-lKCqEZtkaAAAAAKulkhI349.png');
INSERT INTO `spu_image` VALUES (178, 16, '1.png', 'http://192.168.200.128:8080/group1/M00/00/02/wKjIgF-lKCqEQfaHAAAAANgmDQ8942.png');
INSERT INTO `spu_image` VALUES (179, 17, '3.png', 'http://192.168.200.128:8080/group1/M00/00/02/wKjIgF-lKOyEYTiVAAAAADMASLE727.png');
INSERT INTO `spu_image` VALUES (180, 17, '4.png', 'http://192.168.200.128:8080/group1/M00/00/02/wKjIgF-lKOyEGS2hAAAAAHWy4Cg489.png');
INSERT INTO `spu_image` VALUES (181, 17, '2.png', 'http://192.168.200.128:8080/group1/M00/00/02/wKjIgF-lKOyEHDBmAAAAAIwRYKg914.png');
INSERT INTO `spu_image` VALUES (182, 17, '5.png', 'http://192.168.200.128:8080/group1/M00/00/02/wKjIgF-lKOyED7IqAAAAAONbXac259.png');
INSERT INTO `spu_image` VALUES (183, 17, '1.png', 'http://192.168.200.128:8080/group1/M00/00/02/wKjIgF-lKOyEDhhGAAAAACY3A9Q851.png');
INSERT INTO `spu_image` VALUES (184, 17, '2.png', 'http://192.168.200.128:8080/group1/M00/00/02/wKjIgF-lKPiEceTOAAAAANrzfsE368.png');
INSERT INTO `spu_image` VALUES (185, 17, '4.png', 'http://192.168.200.128:8080/group1/M00/00/02/wKjIgF-lKPiEWSpQAAAAAAnfeE0496.png');
INSERT INTO `spu_image` VALUES (186, 17, '1.png', 'http://192.168.200.128:8080/group1/M00/00/02/wKjIgF-lKPiEGMK6AAAAAHTzbJo059.png');
INSERT INTO `spu_image` VALUES (187, 17, '3.png', 'http://192.168.200.128:8080/group1/M00/00/02/wKjIgF-lKPiEJv0RAAAAAPLGmZI937.png');
INSERT INTO `spu_image` VALUES (188, 17, '5.png', 'http://192.168.200.128:8080/group1/M00/00/02/wKjIgF-lKPiEW6yKAAAAANWD20w908.png');
INSERT INTO `spu_image` VALUES (189, 17, '3.png', 'http://192.168.200.128:8080/group1/M00/00/02/wKjIgF-lKP-EAN1FAAAAAJMMOPA622.png');
INSERT INTO `spu_image` VALUES (190, 17, '1.png', 'http://192.168.200.128:8080/group1/M00/00/02/wKjIgF-lKP-EWqOjAAAAAMBMksY976.png');
INSERT INTO `spu_image` VALUES (191, 17, '2.png', 'http://192.168.200.128:8080/group1/M00/00/02/wKjIgF-lKP-EczNUAAAAAA3Op6U623.png');
INSERT INTO `spu_image` VALUES (192, 17, '4.png', 'http://192.168.200.128:8080/group1/M00/00/02/wKjIgF-lKP-EO-YRAAAAAM93W9k542.png');
INSERT INTO `spu_image` VALUES (193, 17, '5.png', 'http://192.168.200.128:8080/group1/M00/00/02/wKjIgF-lKP-EU4QjAAAAAPZjCzw040.png');
INSERT INTO `spu_image` VALUES (194, 18, '4.png', 'http://192.168.200.128:8080/group1/M00/00/02/wKjIgF_HaVaETXJ0AAAAAHWy4Cg895.png');
INSERT INTO `spu_image` VALUES (195, 18, '5.png', 'http://192.168.200.128:8080/group1/M00/00/02/wKjIgF_HaVaEHPRFAAAAAONbXac529.png');
INSERT INTO `spu_image` VALUES (196, 18, '3.png', 'http://192.168.200.128:8080/group1/M00/00/02/wKjIgF_HaVaETeUzAAAAADMASLE780.png');
INSERT INTO `spu_image` VALUES (197, 18, '2.png', 'http://192.168.200.128:8080/group1/M00/00/02/wKjIgF_HaVaEWoupAAAAAIwRYKg643.png');
INSERT INTO `spu_image` VALUES (198, 18, '1.png', 'http://192.168.200.128:8080/group1/M00/00/02/wKjIgF_HaVaEdlqEAAAAACY3A9Q024.png');
INSERT INTO `spu_image` VALUES (199, 19, '1.png', 'http://192.168.200.128:8080/group1/M00/00/02/wKjIgF_HahGEd7W4AAAAAHTzbJo568.png');
INSERT INTO `spu_image` VALUES (200, 19, '3.png', 'http://192.168.200.128:8080/group1/M00/00/02/wKjIgF_HahGEB-8rAAAAAPLGmZI339.png');
INSERT INTO `spu_image` VALUES (201, 19, '4.png', 'http://192.168.200.128:8080/group1/M00/00/02/wKjIgF_HahGEJLm2AAAAAAnfeE0208.png');
INSERT INTO `spu_image` VALUES (202, 19, '2.png', 'http://192.168.200.128:8080/group1/M00/00/02/wKjIgF_HahGEQgSqAAAAANrzfsE122.png');
INSERT INTO `spu_image` VALUES (203, 19, '5.png', 'http://192.168.200.128:8080/group1/M00/00/02/wKjIgF_HahGEPKLBAAAAANWD20w081.png');
INSERT INTO `spu_image` VALUES (204, 20, '1.png', 'http://192.168.200.128:8080/group1/M00/00/02/wKjIgF_HahGEd7W4AAAAAHTzbJo568.png');
INSERT INTO `spu_image` VALUES (205, 20, '3.png', 'http://192.168.200.128:8080/group1/M00/00/02/wKjIgF_HahGEB-8rAAAAAPLGmZI339.png');
INSERT INTO `spu_image` VALUES (206, 20, '4.png', 'http://192.168.200.128:8080/group1/M00/00/02/wKjIgF_HahGEJLm2AAAAAAnfeE0208.png');
INSERT INTO `spu_image` VALUES (207, 20, '2.png', 'http://192.168.200.128:8080/group1/M00/00/02/wKjIgF_HahGEQgSqAAAAANrzfsE122.png');
INSERT INTO `spu_image` VALUES (208, 20, '5.png', 'http://192.168.200.128:8080/group1/M00/00/02/wKjIgF_HahGEPKLBAAAAANWD20w081.png');
INSERT INTO `spu_image` VALUES (209, 21, '1.png', 'http://192.168.200.128:8080/group1/M00/00/02/wKjIgF_HahGEd7W4AAAAAHTzbJo568.png');
INSERT INTO `spu_image` VALUES (210, 21, '3.png', 'http://192.168.200.128:8080/group1/M00/00/02/wKjIgF_HahGEB-8rAAAAAPLGmZI339.png');
INSERT INTO `spu_image` VALUES (211, 21, '4.png', 'http://192.168.200.128:8080/group1/M00/00/02/wKjIgF_HahGEJLm2AAAAAAnfeE0208.png');
INSERT INTO `spu_image` VALUES (212, 21, '2.png', 'http://192.168.200.128:8080/group1/M00/00/02/wKjIgF_HahGEQgSqAAAAANrzfsE122.png');
INSERT INTO `spu_image` VALUES (213, 21, '5.png', 'http://192.168.200.128:8080/group1/M00/00/02/wKjIgF_HahGEPKLBAAAAANWD20w081.png');
INSERT INTO `spu_image` VALUES (214, 22, '3.png', 'http://192.168.200.128:8080/group1/M00/00/02/wKjIgF_HcVuEc0b0AAAAADMASLE200.png');
INSERT INTO `spu_image` VALUES (215, 22, '4.png', 'http://192.168.200.128:8080/group1/M00/00/02/wKjIgF_HcVuENbKNAAAAAHWy4Cg854.png');
INSERT INTO `spu_image` VALUES (216, 22, '5.png', 'http://192.168.200.128:8080/group1/M00/00/02/wKjIgF_HcVuEEufsAAAAAONbXac132.png');
INSERT INTO `spu_image` VALUES (217, 22, '1.png', 'http://192.168.200.128:8080/group1/M00/00/02/wKjIgF_HcVuEbzRTAAAAACY3A9Q680.png');
INSERT INTO `spu_image` VALUES (218, 22, '2.png', 'http://192.168.200.128:8080/group1/M00/00/02/wKjIgF_HcVuEfWzNAAAAAIwRYKg539.png');
INSERT INTO `spu_image` VALUES (219, 22, '1.png', 'http://192.168.200.128:8080/group1/M00/00/02/wKjIgF_HcWCETxFsAAAAAHTzbJo097.png');
INSERT INTO `spu_image` VALUES (220, 22, '2.png', 'http://192.168.200.128:8080/group1/M00/00/02/wKjIgF_HcWCEDdfMAAAAANrzfsE147.png');
INSERT INTO `spu_image` VALUES (221, 22, '5.png', 'http://192.168.200.128:8080/group1/M00/00/02/wKjIgF_HcWCEWxwwAAAAANWD20w941.png');
INSERT INTO `spu_image` VALUES (222, 22, '3.png', 'http://192.168.200.128:8080/group1/M00/00/02/wKjIgF_HcWCEFKyZAAAAAPLGmZI643.png');
INSERT INTO `spu_image` VALUES (223, 22, '4.png', 'http://192.168.200.128:8080/group1/M00/00/02/wKjIgF_HcWCEO1kKAAAAAAnfeE0604.png');
INSERT INTO `spu_image` VALUES (224, 22, '5.png', 'http://192.168.200.128:8080/group1/M00/00/02/wKjIgF_HcWaECyl6AAAAAPZjCzw047.png');
INSERT INTO `spu_image` VALUES (225, 22, '2.png', 'http://192.168.200.128:8080/group1/M00/00/02/wKjIgF_HcWaERVf2AAAAAA3Op6U081.png');
INSERT INTO `spu_image` VALUES (226, 22, '1.png', 'http://192.168.200.128:8080/group1/M00/00/02/wKjIgF_HcWaEIu80AAAAAMBMksY661.png');
INSERT INTO `spu_image` VALUES (227, 22, '3.png', 'http://192.168.200.128:8080/group1/M00/00/02/wKjIgF_HcWaEWgSQAAAAAJMMOPA462.png');
INSERT INTO `spu_image` VALUES (228, 22, '4.png', 'http://192.168.200.128:8080/group1/M00/00/02/wKjIgF_HcWaEDK2FAAAAAM93W9k239.png');
INSERT INTO `spu_image` VALUES (229, 23, '4.png', 'http://192.168.200.128:8080/group1/M00/00/02/wKjIgF_HchmEFR2yAAAAAKpkihY501.png');
INSERT INTO `spu_image` VALUES (230, 23, '2.png', 'http://192.168.200.128:8080/group1/M00/00/02/wKjIgF_HchmEKxgAAAAAAHJhDj4156.png');
INSERT INTO `spu_image` VALUES (231, 23, '1.png', 'http://192.168.200.128:8080/group1/M00/00/02/wKjIgF_HchmEDjzYAAAAACcuFyA477.png');
INSERT INTO `spu_image` VALUES (232, 23, '3.png', 'http://192.168.200.128:8080/group1/M00/00/02/wKjIgF_HchmEExUkAAAAAETiDa8771.png');
INSERT INTO `spu_image` VALUES (233, 23, '5.png', 'http://192.168.200.128:8080/group1/M00/00/02/wKjIgF_HchmEDjFbAAAAAFgXhW8632.png');
INSERT INTO `spu_image` VALUES (234, 23, '2.png', 'http://192.168.200.128:8080/group1/M00/00/02/wKjIgF_HciCEGShvAAAAAE4D_C0816.png');
INSERT INTO `spu_image` VALUES (235, 23, '1.png', 'http://192.168.200.128:8080/group1/M00/00/02/wKjIgF_HciCEbs_xAAAAANgmDQ8058.png');
INSERT INTO `spu_image` VALUES (236, 23, '5.png', 'http://192.168.200.128:8080/group1/M00/00/02/wKjIgF_HciCEXK30AAAAAC2RaeU221.png');
INSERT INTO `spu_image` VALUES (237, 23, '3.png', 'http://192.168.200.128:8080/group1/M00/00/03/wKjIgF_HciCEM8-uAAAAAKulkhI361.png');
INSERT INTO `spu_image` VALUES (238, 23, '4.png', 'http://192.168.200.128:8080/group1/M00/00/03/wKjIgF_HciCEXRCqAAAAAACnP3w083.png');

-- ----------------------------
-- Table structure for spu_info
-- ----------------------------
DROP TABLE IF EXISTS `spu_info`;
CREATE TABLE `spu_info`  (
  `id` bigint(20) NOT NULL AUTO_INCREMENT COMMENT '商品id',
  `spu_name` varchar(200) CHARACTER SET utf8 COLLATE utf8_general_ci NULL DEFAULT NULL COMMENT '商品名称',
  `description` varchar(1000) CHARACTER SET utf8 COLLATE utf8_general_ci NULL DEFAULT NULL COMMENT '商品描述(后台简述）',
  `category3_id` bigint(20) NULL DEFAULT NULL COMMENT '三级分类id',
  `tm_id` bigint(20) NULL DEFAULT NULL COMMENT '品牌id',
  PRIMARY KEY (`id`) USING BTREE
) ENGINE = InnoDB AUTO_INCREMENT = 24 CHARACTER SET = utf8 COLLATE = utf8_general_ci COMMENT = '商品表' ROW_FORMAT = Dynamic;

-- ----------------------------
-- Records of spu_info
-- ----------------------------
INSERT INTO `spu_info` VALUES (1, 'Apple iPhone 11 (A2223)', '品牌： Apple\n商品名称：AppleiPhone 11商品编号：100008348542商品毛重：470.00g商品产地：中国大陆CPU型号：其他运行内存：其它内存机身存储：128GB存储卡：不支持存储卡摄像头数量：后置双摄后摄主摄像素：1200万像素前摄主摄像素：1200万像素主屏幕尺寸（英寸）：6.1英寸分辨率：其它分辨率屏幕比例：其它屏幕比例屏幕前摄组合：刘海屏电池容量（mAh）：以官网信息为准充电器：其他机身颜色：黑色操作系统：iOS(Apple)', 61, 1);
INSERT INTO `spu_info` VALUES (2, '华为 HUAWEI Mate 30 5G', '品牌： 华为（HUAWEI）\n商品名称：华为Mate 30 5G商品编号：100009177424商品毛重：0.6kg商品产地：中国大陆CPU型号：其他运行内存：8GB机身存储：128GB存储卡：NM存储卡摄像头数量：后置三摄后摄主摄像素：4000万像素前摄主摄像素：2400万像素主屏幕尺寸（英寸）：6.62英寸 备注：显示屏采用圆角设计，按照标准矩形测量时，屏幕的对角线长度是6.62英寸（实际可视区域略小）分辨率：全高清FHD+屏幕比例：其它屏幕比例屏幕前摄组合：刘海屏电池容量（mAh）：4200mAh（典型值） 备注：电池额定容量为4100mAh充电器：5V/2A；9V/2A；10V/4A机身颜色：亮黑色热点：5G游戏性能：发烧级操作系统：Android(安卓)', 61, 2);
INSERT INTO `spu_info` VALUES (3, '小米CC', '不错', 61, 4);
INSERT INTO `spu_info` VALUES (4, '荣耀', '哈哈', 61, 2);
INSERT INTO `spu_info` VALUES (5, '小米CC手机', '这个小米手机，那是相当得不错，很好，nice，good，perfect！', 61, 4);
INSERT INTO `spu_info` VALUES (6, '荣耀V30 PRO', '这个手机真是好，相当的棒！不错，很好，good！nice，perfect！', 61, 2);
INSERT INTO `spu_info` VALUES (7, '小米CC9手机', '小米手机真是好，深得民心，不错，很好，good！nice，perfect！', 61, 4);
INSERT INTO `spu_info` VALUES (8, '荣耀V30 PRO', '不错，很好', 61, 2);
INSERT INTO `spu_info` VALUES (9, '小米CC9手机', '不错，很好', 61, 4);
INSERT INTO `spu_info` VALUES (10, 'test....', '不错，很好，good！nice! perfect!', 61, 6);
INSERT INTO `spu_info` VALUES (11, 'test111', '12345y', 61, 3);
INSERT INTO `spu_info` VALUES (12, 'test666', '1234', 61, 3);
INSERT INTO `spu_info` VALUES (13, '荣耀V30 PRO', '不错，很好，good！nice！perfect！', 61, 2);
INSERT INTO `spu_info` VALUES (14, '小米CC9', '不错，吃着挺香。nice!', 61, 4);
INSERT INTO `spu_info` VALUES (15, 'test0522', '不错，很好，good！nice！perfect！', 61, 3);
INSERT INTO `spu_info` VALUES (16, '小米CC9-0522', '不错，很好，good！nice! perfect!\n', 61, 4);
INSERT INTO `spu_info` VALUES (17, '荣耀V30 PRO-0522', '还可以噢。打游戏不卡，轻松带你上王者！', 61, 2);
INSERT INTO `spu_info` VALUES (18, 'test0621', '不错，很好，good！nice! perfect!', 61, 2);
INSERT INTO `spu_info` VALUES (19, 'T1', '123', 61, 3);
INSERT INTO `spu_info` VALUES (20, 'T1', '123', 61, 3);
INSERT INTO `spu_info` VALUES (21, 'T1', '123', 61, 3);
INSERT INTO `spu_info` VALUES (22, '0621 荣耀V30 PRO', '不错，很好，good！ nice! perfect! ', 61, 2);
INSERT INTO `spu_info` VALUES (23, '0621 小米CC9', '不错，很好，good！nice！perfect！ 卡卡卡。。。。 发热。。。。。', 61, 4);

-- ----------------------------
-- Table structure for spu_poster
-- ----------------------------
DROP TABLE IF EXISTS `spu_poster`;
CREATE TABLE `spu_poster`  (
  `id` bigint(20) NOT NULL AUTO_INCREMENT COMMENT '编号',
  `spu_id` bigint(20) NULL DEFAULT NULL COMMENT '商品id',
  `img_name` varchar(200) CHARACTER SET utf8 COLLATE utf8_general_ci NULL DEFAULT NULL COMMENT '文件名称',
  `img_url` varchar(200) CHARACTER SET utf8 COLLATE utf8_general_ci NULL DEFAULT NULL COMMENT '文件路径',
  `create_time` datetime(0) NOT NULL COMMENT '创建时间',
  `update_time` datetime(0) NOT NULL COMMENT '更新时间',
  `is_deleted` tinyint(3) NOT NULL DEFAULT 0 COMMENT '逻辑删除 1（true）已删除， 0（false）未删除',
  PRIMARY KEY (`id`) USING BTREE
) ENGINE = InnoDB AUTO_INCREMENT = 1 CHARACTER SET = utf8 COLLATE = utf8_general_ci COMMENT = '商品海报表' ROW_FORMAT = Dynamic;

-- ----------------------------
-- Table structure for spu_sale_attr
-- ----------------------------
DROP TABLE IF EXISTS `spu_sale_attr`;
CREATE TABLE `spu_sale_attr`  (
  `id` bigint(20) NOT NULL AUTO_INCREMENT COMMENT '编号(业务中无关联)',
  `spu_id` bigint(20) NULL DEFAULT NULL COMMENT '商品id',
  `base_sale_attr_id` bigint(20) NULL DEFAULT NULL COMMENT '销售属性id',
  `sale_attr_name` varchar(20) CHARACTER SET utf8 COLLATE utf8_general_ci NULL DEFAULT NULL COMMENT '销售属性名称(冗余)',
  PRIMARY KEY (`id`) USING BTREE
) ENGINE = InnoDB AUTO_INCREMENT = 49 CHARACTER SET = utf8 COLLATE = utf8_general_ci COMMENT = 'spu销售属性' ROW_FORMAT = Dynamic;

-- ----------------------------
-- Records of spu_sale_attr
-- ----------------------------
INSERT INTO `spu_sale_attr` VALUES (1, 1, 1, '选择颜色');
INSERT INTO `spu_sale_attr` VALUES (2, 1, 2, '选择版本');
INSERT INTO `spu_sale_attr` VALUES (3, 1, 3, '选择套装');
INSERT INTO `spu_sale_attr` VALUES (4, 2, 1, '选择颜色');
INSERT INTO `spu_sale_attr` VALUES (5, 2, 2, '选择版本');
INSERT INTO `spu_sale_attr` VALUES (6, 2, 3, '选择套装');
INSERT INTO `spu_sale_attr` VALUES (7, 3, 1, '选择颜色');
INSERT INTO `spu_sale_attr` VALUES (8, 3, 2, '选择版本');
INSERT INTO `spu_sale_attr` VALUES (9, 4, 1, '选择颜色');
INSERT INTO `spu_sale_attr` VALUES (10, 4, 2, '选择版本');
INSERT INTO `spu_sale_attr` VALUES (11, 5, 1, '选择颜色');
INSERT INTO `spu_sale_attr` VALUES (12, 5, 2, '选择版本');
INSERT INTO `spu_sale_attr` VALUES (13, 6, 1, '选择颜色');
INSERT INTO `spu_sale_attr` VALUES (14, 6, 2, '选择版本');
INSERT INTO `spu_sale_attr` VALUES (15, 7, 1, '选择颜色');
INSERT INTO `spu_sale_attr` VALUES (16, 7, 2, '选择版本');
INSERT INTO `spu_sale_attr` VALUES (17, 8, 1, '选择颜色');
INSERT INTO `spu_sale_attr` VALUES (18, 8, 2, '选择版本');
INSERT INTO `spu_sale_attr` VALUES (19, 9, 1, '选择颜色');
INSERT INTO `spu_sale_attr` VALUES (20, 9, 2, '选择版本');
INSERT INTO `spu_sale_attr` VALUES (21, 10, 1, '选择颜色');
INSERT INTO `spu_sale_attr` VALUES (22, 10, 2, '选择版本');
INSERT INTO `spu_sale_attr` VALUES (23, 11, 1, '选择颜色');
INSERT INTO `spu_sale_attr` VALUES (24, 11, 2, '选择版本');
INSERT INTO `spu_sale_attr` VALUES (25, 12, 1, '选择颜色');
INSERT INTO `spu_sale_attr` VALUES (26, 12, 2, '选择版本');
INSERT INTO `spu_sale_attr` VALUES (27, 13, 1, '选择颜色');
INSERT INTO `spu_sale_attr` VALUES (28, 13, 2, '选择版本');
INSERT INTO `spu_sale_attr` VALUES (29, 14, 1, '选择颜色');
INSERT INTO `spu_sale_attr` VALUES (30, 14, 2, '选择版本');
INSERT INTO `spu_sale_attr` VALUES (31, 15, 1, '选择颜色');
INSERT INTO `spu_sale_attr` VALUES (32, 15, 2, '选择版本');
INSERT INTO `spu_sale_attr` VALUES (33, 16, 1, '选择颜色');
INSERT INTO `spu_sale_attr` VALUES (34, 16, 2, '选择版本');
INSERT INTO `spu_sale_attr` VALUES (35, 17, 1, '选择颜色');
INSERT INTO `spu_sale_attr` VALUES (36, 17, 2, '选择版本');
INSERT INTO `spu_sale_attr` VALUES (37, 18, 1, '选择颜色');
INSERT INTO `spu_sale_attr` VALUES (38, 18, 2, '选择版本');
INSERT INTO `spu_sale_attr` VALUES (39, 19, 1, '选择颜色');
INSERT INTO `spu_sale_attr` VALUES (40, 19, 2, '选择版本');
INSERT INTO `spu_sale_attr` VALUES (41, 20, 1, '选择颜色');
INSERT INTO `spu_sale_attr` VALUES (42, 20, 2, '选择版本');
INSERT INTO `spu_sale_attr` VALUES (43, 21, 1, '选择颜色');
INSERT INTO `spu_sale_attr` VALUES (44, 21, 2, '选择版本');
INSERT INTO `spu_sale_attr` VALUES (45, 22, 1, '选择颜色');
INSERT INTO `spu_sale_attr` VALUES (46, 22, 2, '选择版本');
INSERT INTO `spu_sale_attr` VALUES (47, 23, 1, '选择颜色');
INSERT INTO `spu_sale_attr` VALUES (48, 23, 2, '选择版本');

-- ----------------------------
-- Table structure for spu_sale_attr_value
-- ----------------------------
DROP TABLE IF EXISTS `spu_sale_attr_value`;
CREATE TABLE `spu_sale_attr_value`  (
  `id` bigint(20) NOT NULL AUTO_INCREMENT COMMENT '销售属性值编号',
  `spu_id` bigint(20) NULL DEFAULT NULL COMMENT '商品id',
  `base_sale_attr_id` bigint(20) NULL DEFAULT NULL COMMENT '销售属性id',
  `sale_attr_value_name` varchar(20) CHARACTER SET utf8 COLLATE utf8_general_ci NULL DEFAULT NULL COMMENT '销售属性值名称',
  `sale_attr_name` varchar(20) CHARACTER SET utf8 COLLATE utf8_general_ci NULL DEFAULT NULL COMMENT '销售属性名称(冗余)',
  PRIMARY KEY (`id`) USING BTREE
) ENGINE = InnoDB AUTO_INCREMENT = 102 CHARACTER SET = utf8 COLLATE = utf8_general_ci COMMENT = 'spu销售属性值' ROW_FORMAT = Dynamic;

-- ----------------------------
-- Records of spu_sale_attr_value
-- ----------------------------
INSERT INTO `spu_sale_attr_value` VALUES (1, 1, 1, '黑色', '选择颜色');
INSERT INTO `spu_sale_attr_value` VALUES (2, 1, 1, '黄色', '选择颜色');
INSERT INTO `spu_sale_attr_value` VALUES (3, 1, 1, '红色', '选择颜色');
INSERT INTO `spu_sale_attr_value` VALUES (4, 1, 2, '64GB', '选择版本');
INSERT INTO `spu_sale_attr_value` VALUES (5, 1, 2, '128GB', '选择版本');
INSERT INTO `spu_sale_attr_value` VALUES (6, 1, 2, '256GB', '选择版本');
INSERT INTO `spu_sale_attr_value` VALUES (7, 1, 3, ' 官方标配', '选择套装');
INSERT INTO `spu_sale_attr_value` VALUES (8, 1, 3, '优惠套1', '选择套装');
INSERT INTO `spu_sale_attr_value` VALUES (9, 1, 3, '优惠套2', '选择套装');
INSERT INTO `spu_sale_attr_value` VALUES (10, 2, 1, '丹霞橙', '选择颜色');
INSERT INTO `spu_sale_attr_value` VALUES (11, 2, 1, '亮黑色', '选择颜色');
INSERT INTO `spu_sale_attr_value` VALUES (12, 2, 2, '8GB+128GB', '选择版本');
INSERT INTO `spu_sale_attr_value` VALUES (13, 2, 2, '8GB+256GB', '选择版本');
INSERT INTO `spu_sale_attr_value` VALUES (14, 2, 3, '优惠套装1', '选择套装');
INSERT INTO `spu_sale_attr_value` VALUES (15, 2, 3, '优惠套装2', '选择套装');
INSERT INTO `spu_sale_attr_value` VALUES (16, 3, 1, '深蓝星球', '选择颜色');
INSERT INTO `spu_sale_attr_value` VALUES (17, 3, 1, '仙女渐变', '选择颜色');
INSERT INTO `spu_sale_attr_value` VALUES (18, 3, 2, '6G+128G', '选择版本');
INSERT INTO `spu_sale_attr_value` VALUES (19, 3, 2, '6G+256G', '选择版本');
INSERT INTO `spu_sale_attr_value` VALUES (20, 4, 1, '冰岛幻境', '选择颜色');
INSERT INTO `spu_sale_attr_value` VALUES (21, 4, 1, '幻夜星河', '选择颜色');
INSERT INTO `spu_sale_attr_value` VALUES (22, 4, 1, '魅海星蓝', '选择颜色');
INSERT INTO `spu_sale_attr_value` VALUES (23, 4, 2, '8G+128G', '选择版本');
INSERT INTO `spu_sale_attr_value` VALUES (24, 4, 2, '8G+256G', '选择版本');
INSERT INTO `spu_sale_attr_value` VALUES (25, 5, 1, '深蓝星球', NULL);
INSERT INTO `spu_sale_attr_value` VALUES (26, 5, 1, '仙女渐变', NULL);
INSERT INTO `spu_sale_attr_value` VALUES (27, 5, 2, '6G+128G', NULL);
INSERT INTO `spu_sale_attr_value` VALUES (28, 5, 2, '6G+64G', NULL);
INSERT INTO `spu_sale_attr_value` VALUES (29, 6, 1, '冰岛幻境', '选择颜色');
INSERT INTO `spu_sale_attr_value` VALUES (30, 6, 1, '幻夜星河', '选择颜色');
INSERT INTO `spu_sale_attr_value` VALUES (31, 6, 1, '魅海星蓝', '选择颜色');
INSERT INTO `spu_sale_attr_value` VALUES (32, 6, 2, '8G+256G', '选择版本');
INSERT INTO `spu_sale_attr_value` VALUES (33, 6, 2, '8G+128G', '选择版本');
INSERT INTO `spu_sale_attr_value` VALUES (34, 7, 1, '仙女渐变色', '选择颜色');
INSERT INTO `spu_sale_attr_value` VALUES (35, 7, 1, '深蓝星球', '选择颜色');
INSERT INTO `spu_sale_attr_value` VALUES (36, 7, 2, '6G+128G', '选择版本');
INSERT INTO `spu_sale_attr_value` VALUES (37, 7, 2, '6G+64G', '选择版本');
INSERT INTO `spu_sale_attr_value` VALUES (38, 7, 2, '8G+256G', '选择版本');
INSERT INTO `spu_sale_attr_value` VALUES (39, 8, 1, '冰岛幻境', '选择颜色');
INSERT INTO `spu_sale_attr_value` VALUES (40, 8, 1, '幻夜星河', '选择颜色');
INSERT INTO `spu_sale_attr_value` VALUES (41, 8, 1, '魅海星蓝', '选择颜色');
INSERT INTO `spu_sale_attr_value` VALUES (42, 8, 2, '8G+128G', '选择版本');
INSERT INTO `spu_sale_attr_value` VALUES (43, 8, 2, '8G+256G', '选择版本');
INSERT INTO `spu_sale_attr_value` VALUES (44, 9, 1, '深蓝星球', '选择颜色');
INSERT INTO `spu_sale_attr_value` VALUES (45, 9, 1, '仙女渐变色', '选择颜色');
INSERT INTO `spu_sale_attr_value` VALUES (46, 9, 2, '6G+128G', '选择版本');
INSERT INTO `spu_sale_attr_value` VALUES (47, 9, 2, '8G+128G', '选择版本');
INSERT INTO `spu_sale_attr_value` VALUES (48, 10, 1, '冰岛幻境', NULL);
INSERT INTO `spu_sale_attr_value` VALUES (49, 10, 2, '4G+64G', NULL);
INSERT INTO `spu_sale_attr_value` VALUES (50, 10, 2, '8G+128G', NULL);
INSERT INTO `spu_sale_attr_value` VALUES (51, 11, 1, '冰岛幻境', NULL);
INSERT INTO `spu_sale_attr_value` VALUES (52, 11, 2, '4G+64G', NULL);
INSERT INTO `spu_sale_attr_value` VALUES (53, 11, 2, '8G+128G', NULL);
INSERT INTO `spu_sale_attr_value` VALUES (54, 12, 1, 'black', '选择颜色');
INSERT INTO `spu_sale_attr_value` VALUES (55, 12, 2, '4G+64G', '选择版本');
INSERT INTO `spu_sale_attr_value` VALUES (56, 13, 1, '冰岛幻境', '选择颜色');
INSERT INTO `spu_sale_attr_value` VALUES (57, 13, 1, '幻夜星河', '选择颜色');
INSERT INTO `spu_sale_attr_value` VALUES (58, 13, 1, '魅海星蓝', '选择颜色');
INSERT INTO `spu_sale_attr_value` VALUES (59, 13, 2, '8G+128G', '选择版本');
INSERT INTO `spu_sale_attr_value` VALUES (60, 13, 2, '8G+256G', '选择版本');
INSERT INTO `spu_sale_attr_value` VALUES (61, 14, 1, '仙女渐变色', '选择颜色');
INSERT INTO `spu_sale_attr_value` VALUES (62, 14, 1, '深蓝星球', '选择颜色');
INSERT INTO `spu_sale_attr_value` VALUES (63, 14, 2, '6G+128G', '选择版本');
INSERT INTO `spu_sale_attr_value` VALUES (64, 14, 2, '8G+256G', '选择版本');
INSERT INTO `spu_sale_attr_value` VALUES (65, 15, 1, 'green', '选择颜色');
INSERT INTO `spu_sale_attr_value` VALUES (66, 15, 1, 'yellow', '选择颜色');
INSERT INTO `spu_sale_attr_value` VALUES (67, 15, 1, 'red', '选择颜色');
INSERT INTO `spu_sale_attr_value` VALUES (68, 15, 2, '8+128', '选择版本');
INSERT INTO `spu_sale_attr_value` VALUES (69, 15, 2, '128+1024', '选择版本');
INSERT INTO `spu_sale_attr_value` VALUES (70, 16, 1, '深蓝星球', '选择颜色');
INSERT INTO `spu_sale_attr_value` VALUES (71, 16, 1, '仙女渐变色', '选择颜色');
INSERT INTO `spu_sale_attr_value` VALUES (72, 16, 2, '6G+64G', '选择版本');
INSERT INTO `spu_sale_attr_value` VALUES (73, 16, 2, '6G+128G', '选择版本');
INSERT INTO `spu_sale_attr_value` VALUES (74, 17, 1, '冰岛幻境', '选择颜色');
INSERT INTO `spu_sale_attr_value` VALUES (75, 17, 1, '幻夜星河', '选择颜色');
INSERT INTO `spu_sale_attr_value` VALUES (76, 17, 1, '魅海星蓝', '选择颜色');
INSERT INTO `spu_sale_attr_value` VALUES (77, 17, 2, '8G+128G', '选择版本');
INSERT INTO `spu_sale_attr_value` VALUES (78, 17, 2, '8G+256G', '选择版本');
INSERT INTO `spu_sale_attr_value` VALUES (79, 18, 1, 'green', '选择颜色');
INSERT INTO `spu_sale_attr_value` VALUES (80, 18, 2, 'BIG', '选择版本');
INSERT INTO `spu_sale_attr_value` VALUES (81, 19, 1, 'green', '选择颜色');
INSERT INTO `spu_sale_attr_value` VALUES (82, 19, 1, 'BLACK', '选择颜色');
INSERT INTO `spu_sale_attr_value` VALUES (83, 19, 2, 'BIG', '选择版本');
INSERT INTO `spu_sale_attr_value` VALUES (84, 19, 2, 'NOBIG', '选择版本');
INSERT INTO `spu_sale_attr_value` VALUES (85, 20, 1, 'green', '选择颜色');
INSERT INTO `spu_sale_attr_value` VALUES (86, 20, 1, 'BLACK', '选择颜色');
INSERT INTO `spu_sale_attr_value` VALUES (87, 20, 2, 'BIG', '选择版本');
INSERT INTO `spu_sale_attr_value` VALUES (88, 20, 2, 'NOBIG', '选择版本');
INSERT INTO `spu_sale_attr_value` VALUES (89, 21, 1, 'green', '选择颜色');
INSERT INTO `spu_sale_attr_value` VALUES (90, 21, 1, 'BLACK', '选择颜色');
INSERT INTO `spu_sale_attr_value` VALUES (91, 21, 2, 'BIG', '选择版本');
INSERT INTO `spu_sale_attr_value` VALUES (92, 21, 2, 'NOBIG', '选择版本');
INSERT INTO `spu_sale_attr_value` VALUES (93, 22, 1, '冰岛幻境', '选择颜色');
INSERT INTO `spu_sale_attr_value` VALUES (94, 22, 1, '幻夜星河', '选择颜色');
INSERT INTO `spu_sale_attr_value` VALUES (95, 22, 1, '魅海星蓝', '选择颜色');
INSERT INTO `spu_sale_attr_value` VALUES (96, 22, 2, '8G+128G', '选择版本');
INSERT INTO `spu_sale_attr_value` VALUES (97, 22, 2, '8G+256G', '选择版本');
INSERT INTO `spu_sale_attr_value` VALUES (98, 23, 1, '深蓝星球', '选择颜色');
INSERT INTO `spu_sale_attr_value` VALUES (99, 23, 1, '仙女渐变色', '选择颜色');
INSERT INTO `spu_sale_attr_value` VALUES (100, 23, 2, '6G+128G', '选择版本');
INSERT INTO `spu_sale_attr_value` VALUES (101, 23, 2, '6G+64G', '选择版本');

-- ----------------------------
-- View structure for base_category_view
-- ----------------------------
DROP VIEW IF EXISTS `base_category_view`;
CREATE ALGORITHM = UNDEFINED DEFINER = `root`@`%` SQL SECURITY DEFINER VIEW `base_category_view` AS select `base_category3`.`id` AS `id`,`base_category1`.`id` AS `category1_id`,`base_category1`.`name` AS `category1_name`,`base_category2`.`id` AS `category2_id`,`base_category2`.`name` AS `category2_name`,`base_category3`.`id` AS `category3_id`,`base_category3`.`name` AS `category3_name` from ((`base_category1` join `base_category2` on((`base_category1`.`id` = `base_category2`.`category1_id`))) join `base_category3` on((`base_category2`.`id` = `base_category3`.`category2_id`)));

SET FOREIGN_KEY_CHECKS = 1;
